tmdbId,title,genres
862,Toy Story,Adventure|Animation|Children|Comedy|Fantasy
8844,Jumanji,Adventure|Children|Fantasy
949,Heat,Action|Crime|Thriller
710,GoldenEye,Action|Adventure|Thriller
524,Casino,Crime|Drama
5,Four Rooms,Comedy
9273,Ace Ventura: When Nature Calls,Comedy
63,Twelve Monkeys (a.k.a. 12 Monkeys),Mystery|Sci-Fi|Thriller
9598,Babe,Children|Drama
9603,Clueless,Comedy|Romance
9312,Mortal Kombat,Action|Adventure|Fantasy
807,Seven (a.k.a. Se7en),Mystery|Thriller
10530,Pocahontas,Animation|Children|Drama|Musical|Romance
629,"Usual Suspects, The",Crime|Mystery|Thriller
10634,Friday,Comedy
755,From Dusk Till Dawn,Action|Comedy|Horror|Thriller
9208,Broken Arrow,Action|Adventure|Thriller
406,"Hate (Haine, La)",Crime|Drama
9614,Happy Gilmore,Comedy
197,Braveheart,Action|Drama|War
103,Taxi Driver,Crime|Drama|Thriller
9737,Bad Boys,Action|Comedy|Crime|Drama|Thriller
10474,"Basketball Diaries, The",Drama
568,Apollo 13,Adventure|Drama|IMAX
414,Batman Forever,Action|Adventure|Comedy|Crime
8839,Casper,Adventure|Children
8963,Crimson Tide,Drama|Thriller|War
8068,Desperado,Action|Romance|Western
1572,Die Hard: With a Vengeance,Action|Crime|Thriller
9482,Judge Dredd,Action|Crime|Sci-Fi
9348,Species,Horror|Sci-Fi
9804,Waterworld,Action|Adventure|Sci-Fi
76,Before Sunrise,Drama|Romance
11017,Billy Madison,Comedy
2292,Clerks,Comedy
8467,Dumb & Dumber (Dumb and Dumber),Adventure|Comedy
522,Ed Wood,Comedy|Drama
628,Interview with the Vampire: The Vampire Chronicles,Drama|Horror
11,Star Wars: Episode IV - A New Hope,Action|Adventure|Sci-Fi
4476,Legends of the Fall,Drama|Romance|War|Western
241,Natural Born Killers,Action|Crime|Thriller
6950,Outbreak,Action|Drama|Sci-Fi|Thriller
101,Léon: The Professional (a.k.a. The Professional) (Léon),Action|Crime|Drama|Thriller
680,Pulp Fiction,Comedy|Crime|Drama|Thriller
2164,Stargate,Action|Adventure|Sci-Fi
11395,"Santa Clause, The",Comedy|Drama|Fantasy
278,"Shawshank Redemption, The",Crime|Drama
193,Star Trek: Generations,Adventure|Drama|Sci-Fi
1587,What's Eating Gilbert Grape,Drama
3049,Ace Ventura: Pet Detective,Comedy
9495,"Crow, The",Action|Crime|Fantasy|Thriller
888,"Flintstones, The",Children|Comedy|Fantasy
13,Forrest Gump,Comedy|Drama|Romance|War
712,Four Weddings and a Funeral,Comedy|Romance
8587,"Lion King, The",Adventure|Animation|Children|Drama|Musical|IMAX
854,"Mask, The",Action|Comedy|Crime|Fantasy
9359,Maverick,Adventure|Comedy|Western
36593,Naked Gun 33 1/3: The Final Insult,Action|Comedy
1637,Speed,Action|Romance|Thriller
36955,True Lies,Action|Adventure|Comedy|Romance|Thriller
2758,Addams Family Values,Children|Comedy|Fantasy
306,Beverly Hills Cop III,Action|Comedy|Crime|Thriller
1607,"Bronx Tale, A",Drama
6075,Carlito's Way,Crime|Drama
9350,Cliffhanger,Action|Adventure|Thriller
9571,Dazed and Confused,Comedy
9739,Demolition Man,Action|Adventure|Sci-Fi
37233,"Firm, The",Drama|Thriller
5503,"Fugitive, The",Thriller
9255,Hot Shots! Part Deux,Action|Comedy|War
329,Jurassic Park,Action|Adventure|Sci-Fi|Thriller
9593,Last Action Hero,Action|Adventure|Comedy|Fantasy
788,Mrs. Doubtfire,Comedy|Drama
9800,Philadelphia,Drama
8005,Robin Hood: Men in Tights,Comedy
424,Schindler's List,Drama|War
858,Sleepless in Seattle,Comedy|Drama|Romance
78,Blade Runner,Action|Sci-Fi|Thriller
9479,"Nightmare Before Christmas, The",Animation|Children|Fantasy|Musical
11969,Tombstone,Action|Drama|Western
319,True Romance,Crime|Thriller
771,Home Alone,Children|Comedy
251,Ghost,Comedy|Drama|Fantasy|Romance|Thriller
812,Aladdin,Adventure|Animation|Children|Comedy|Musical
280,Terminator 2: Judgment Day,Action|Sci-Fi
581,Dances with Wolves,Adventure|Drama|Western
268,Batman,Action|Crime|Thriller
274,"Silence of the Lambs, The",Crime|Horror|Thriller
408,Snow White and the Seven Dwarfs,Animation|Children|Drama|Fantasy|Musical
10020,Beauty and the Beast,Animation|Children|Fantasy|Musical|Romance|IMAX
10895,Pinocchio,Animation|Children|Fantasy|Musical
114,Pretty Woman,Comedy|Romance
275,Fargo,Comedy|Crime|Drama|Thriller
10112,"Aristocats, The",Animation|Children
1592,Primal Fear,Crime|Drama|Mystery|Thriller
954,Mission: Impossible,Action|Adventure|Mystery|Thriller
8840,Dragonheart,Action|Adventure|Fantasy
2300,Space Jam,Adventure|Animation|Children|Comedy|Fantasy|Sci-Fi
9802,"Rock, The",Action|Adventure|Thriller
664,Twister,Action|Adventure|Romance|Thriller
9323,Ghost in the Shell (Kôkaku kidôtai),Animation|Sci-Fi
935,Dr. Strangelove or: How I Learned to Stop Worrying and Love the Bomb,Comedy|War
627,Trainspotting,Comedy|Crime|Drama
602,Independence Day (a.k.a. ID4),Action|Adventure|Sci-Fi|Thriller
10545,"Hunchback of Notre Dame, The",Animation|Children|Drama|Musical|Romance
9894,"Cable Guy, The",Comedy|Thriller
9268,Eraser,Action|Drama|Thriller
9327,"Nutty Professor, The",Comedy|Fantasy|Romance|Sci-Fi
1645,"Time to Kill, A",Drama|Thriller
3595,Ransom,Crime|Thriller
10830,Matilda,Children|Comedy|Fantasy
238,"Godfather, The",Crime|Drama
872,Singin' in the Rain,Comedy|Musical|Romance
164,Breakfast at Tiffany's,Drama|Romance
426,Vertigo,Drama|Mystery|Romance|Thriller
567,Rear Window,Mystery|Thriller
213,North by Northwest,Action|Adventure|Mystery|Romance|Thriller
284,"Apartment, The",Comedy|Drama|Romance
239,Some Like It Hot,Comedy|Crime
289,Casablanca,Drama|Romance
804,Roman Holiday,Comedy|Drama|Romance
630,"Wizard of Oz, The",Adventure|Children|Fantasy|Musical
770,Gone with the Wind,Drama|Romance|War
599,Sunset Blvd. (a.k.a. Sunset Boulevard),Drama|Film-Noir|Romance
15,Citizen Kane,Drama|Mystery
62,2001: A Space Odyssey,Adventure|Drama|Sci-Fi
1585,It's a Wonderful Life,Children|Drama|Fantasy|Romance
10331,Night of the Living Dead,Horror|Sci-Fi|Thriller
864,Cool Runnings,Comedy
11224,Cinderella,Animation|Children|Fantasy|Musical|Romance
9078,"Sword in the Stone, The",Animation|Children|Fantasy|Musical
8367,Robin Hood: Prince of Thieves,Adventure|Drama
433,Mary Poppins,Children|Comedy|Fantasy|Musical
11360,Dumbo,Animation|Children|Drama|Musical
12092,Alice in Wonderland,Adventure|Animation|Children|Fantasy|Musical
10948,"Fox and the Hound, The",Animation|Children|Drama
15121,"Sound of Music, The",Musical|Romance
562,Die Hard,Action|Crime|Thriller
454,William Shakespeare's Romeo + Juliet,Drama|Romance
819,Sleepers,Thriller
11238,Aladdin and the King of Thieves,Animation|Children|Comedy|Fantasy|Musical|Romance
252,Willy Wonka & the Chocolate Factory,Children|Comedy|Fantasy|Musical
623,"Fish Called Wanda, A",Comedy|Crime
583,Monty Python's Life of Brian,Comedy
521,Dial M for Murder,Crime|Mystery|Thriller
88,Dirty Dancing,Drama|Musical|Romance
500,Reservoir Dogs,Crime|Mystery|Thriller
792,Platoon,Drama|War
402,Basic Instinct,Crime|Mystery|Thriller
601,E.T. the Extra-Terrestrial,Children|Drama|Sci-Fi
744,Top Gun,Action|Romance
2756,"Abyss, The",Action|Adventure|Sci-Fi|Thriller
1103,Escape from New York,Action|Adventure|Sci-Fi|Thriller
762,Monty Python and the Holy Grail,Adventure|Comedy|Fantasy
11216,Cinema Paradiso (Nuovo cinema Paradiso),Drama
975,Paths of Glory,Drama|War
409,"English Patient, The",Drama|Romance|War
510,One Flew Over the Cuckoo's Nest,Drama
1891,Star Wars: Episode V - The Empire Strikes Back,Action|Adventure|Sci-Fi
2493,"Princess Bride, The",Action|Adventure|Comedy|Fantasy|Romance
85,Raiders of the Lost Ark (Indiana Jones and the Raiders of the Lost Ark),Action|Adventure
68,Brazil,Fantasy|Sci-Fi
679,Aliens,Action|Adventure|Horror|Sci-Fi
429,"Good, the Bad and the Ugly, The (Buono, il brutto, il cattivo, Il)",Action|Adventure|Western
389,12 Angry Men,Drama
947,Lawrence of Arabia,Adventure|Drama|War
185,"Clockwork Orange, A",Crime|Drama|Sci-Fi|Thriller
595,To Kill a Mockingbird,Drama
28,Apocalypse Now,Action|Drama|War
335,Once Upon a Time in the West (C'era una volta il West),Action|Drama|Western
1892,Star Wars: Episode VI - Return of the Jedi,Action|Adventure|Sci-Fi
769,Goodfellas,Crime|Drama
348,Alien,Horror|Sci-Fi
766,Army of Darkness,Action|Adventure|Comedy|Fantasy|Horror
539,Psycho,Crime|Horror
525,"Blues Brothers, The",Action|Comedy|Musical
240,"Godfather: Part II, The",Crime|Drama
600,Full Metal Jacket,Drama|War
279,Amadeus,Drama
311,Once Upon a Time in America,Crime|Drama
1578,Raging Bull,Drama
703,Annie Hall,Comedy|Romance
387,"Boot, Das (Boat, The)",Action|Drama|War
9277,"Sting, The",Comedy|Crime
490,"Seventh Seal, The (Sjunde inseglet, Det)",Drama
218,"Terminator, The",Action|Sci-Fi|Thriller
696,Manhattan,Comedy|Drama|Romance
207,Dead Poets Society,Drama
37247,"Graduate, The",Comedy|Drama|Romance
9322,"Femme Nikita, La (Nikita)",Action|Crime|Romance|Thriller
826,"Bridge on the River Kwai, The",Adventure|Drama|War
829,Chinatown,Crime|Film-Noir|Mystery|Thriller
694,"Shining, The",Horror
235,Stand by Me,Adventure|Drama
832,M,Crime|Film-Noir|Thriller
765,Evil Dead II (Dead by Dawn),Action|Comedy|Fantasy|Horror
5925,"Great Escape, The",Action|Adventure|Drama|War
11778,"Deer Hunter, The",Drama|War
137,Groundhog Day,Comedy|Fantasy|Romance
33,Unforgiven,Drama|Western
105,Back to the Future,Adventure|Comedy|Sci-Fi
149,Akira,Action|Adventure|Animation|Sci-Fi
8009,Highlander,Action|Adventure|Fantasy
3034,Young Frankenstein,Comedy|Fantasy
914,"Great Dictator, The",Comedy|Drama|War
756,Fantasia,Animation|Children|Fantasy|Musical
665,Ben-Hur,Action|Adventure|Drama
89,Indiana Jones and the Last Crusade,Action|Adventure
783,Gandhi,Drama
642,Butch Cassidy and the Sundance Kid,Action|Western
639,When Harry Met Sally...,Comedy|Romance
8077,Alien³ (a.k.a. Alien 3),Action|Horror|Sci-Fi|Thriller
814,"American Werewolf in London, An",Comedy|Horror|Thriller
571,"Birds, The",Horror|Thriller
6114,Dracula (Bram Stoker's Dracula),Fantasy|Horror|Romance|Thriller
1598,Cape Fear,Thriller
7340,Carrie,Drama|Fantasy|Horror|Thriller
377,"Nightmare on Elm Street, A",Horror|Thriller
794,"Omen, The",Horror|Mystery|Thriller
199,Star Trek: First Contact,Action|Adventure|Sci-Fi|Thriller
9279,Jingle All the Way,Children|Comedy
11674,101 Dalmatians,Adventure|Children|Comedy
1573,Die Hard 2,Action|Adventure|Thriller
152,Star Trek: The Motion Picture,Adventure|Sci-Fi
154,Star Trek II: The Wrath of Khan,Action|Adventure|Sci-Fi|Thriller
157,Star Trek III: The Search for Spock,Action|Adventure|Sci-Fi
168,Star Trek IV: The Voyage Home,Adventure|Comedy|Sci-Fi
364,Batman Returns,Action|Crime
621,Grease,Comedy|Musical|Romance
578,Jaws,Action|Horror
75,Mars Attacks!,Action|Comedy|Sci-Fi
9390,Jerry Maguire,Drama|Romance
378,Raising Arizona,Comedy
4232,Scream,Comedy|Horror|Mystery|Thriller
9361,"Last of the Mohicans, The",Action|Romance|War|Western
9619,Dante's Peak,Action|Thriller
638,Lost Highway,Crime|Drama|Fantasy|Film-Noir|Mystery|Romance
9366,Donnie Brasco,Crime|Drama
1624,Liar Liar,Comedy
9360,Anaconda,Action|Adventure|Thriller
816,Austin Powers: International Man of Mystery,Action|Adventure|Comedy
18,"Fifth Element, The",Action|Adventure|Comedy|Sci-Fi
330,"Lost World: Jurassic Park, The",Action|Adventure|Sci-Fi|Thriller
1701,Con Air,Action|Adventure|Thriller
1639,Speed 2: Cruise Control,Action|Romance|Thriller
415,Batman & Robin,Action|Adventure|Fantasy|Thriller
11970,Hercules,Adventure|Animation|Children|Comedy|Musical
8874,My Best Friend's Wedding,Comedy|Romance
754,Face/Off,Action|Crime|Drama|Thriller
607,Men in Black (a.k.a. MIB),Action|Comedy|Sci-Fi
686,Contact,Drama|Sci-Fi
9387,Conan the Barbarian,Action|Adventure|Fantasy
10603,George of the Jungle,Children|Comedy
8413,Event Horizon,Horror|Sci-Fi|Thriller
8834,Conspiracy Theory,Drama|Mystery|Romance|Thriller
9772,Air Force One,Action|Thriller
1669,"Hunt for Red October, The",Action|Adventure|Thriller
2118,L.A. Confidential,Crime|Film-Noir|Mystery|Thriller
978,Seven Years in Tibet,Adventure|Drama|War
2649,"Game, The",Drama|Mystery|Thriller
2255,Chasing Amy,Comedy|Drama|Romance
3597,I Know What You Did Last Summer,Horror|Mystery|Thriller
1813,The Devil's Advocate,Drama|Mystery|Thriller
782,Gattaca,Drama|Sci-Fi|Thriller
1281,Bean,Comedy
4995,Boogie Nights,Drama
563,Starship Troopers,Action|Sci-Fi
37165,"Truman Show, The",Comedy|Drama|Sci-Fi
4824,"Jackal, The",Action|Thriller
9444,Anastasia,Adventure|Animation|Children|Drama|Musical
8078,Alien: Resurrection,Action|Horror|Sci-Fi
9574,Flubber,Children|Comedy|Fantasy
489,Good Will Hunting,Drama|Romance
9714,Home Alone 3,Children|Comedy
4233,Scream 2,Comedy|Horror|Mystery|Thriller
597,Titanic,Drama|Romance
714,Tomorrow Never Dies,Action|Adventure|Thriller
184,Jackie Brown,Crime|Drama|Thriller
115,"Big Lebowski, The",Comedy|Crime
2666,Dark City,Adventure|Film-Noir|Sci-Fi|Thriller
11003,"Wedding Singer, The",Comedy|Romance
10153,Sphere,Sci-Fi|Thriller
2898,As Good as It Gets,Comedy|Drama|Romance
9313,"Man in the Iron Mask, The",Action|Adventure|Drama
617,Wild Things,Crime|Drama|Mystery|Thriller
795,City of Angels,Drama|Fantasy|Romance
8656,Deep Impact,Drama|Sci-Fi|Thriller
929,Godzilla,Action|Sci-Fi|Thriller
1878,Fear and Loathing in Las Vegas,Adventure|Comedy|Drama
10674,Mulan,Adventure|Animation|Children|Comedy|Drama|Musical|Romance
846,"X-Files: Fight the Future, The",Action|Crime|Mystery|Sci-Fi|Thriller
3050,Dr. Dolittle,Comedy
95,Armageddon,Action|Romance|Sci-Fi|Thriller
944,Lethal Weapon 4,Action|Comedy|Crime|Thriller
11551,Small Soldiers,Animation|Children|Fantasy|War
473,Pi,Drama|Sci-Fi|Thriller
544,There's Something About Mary,Comedy|Romance
1366,Rocky,Drama
12102,Kramer vs. Kramer,Drama
380,Rain Man,Drama
13597,Labyrinth,Adventure|Fantasy|Musical
2108,"Breakfast Club, The",Comedy|Drama
4488,Friday the 13th,Horror|Mystery|Thriller
948,Halloween,Horror
10585,Child's Play,Horror|Thriller
609,Poltergeist,Horror|Thriller
9552,"Exorcist, The",Horror|Mystery
941,Lethal Weapon,Action|Comedy|Crime|Drama
942,Lethal Weapon 2,Action|Comedy|Crime|Drama
943,Lethal Weapon 3,Action|Comedy|Crime|Drama
927,Gremlins,Comedy|Horror
928,Gremlins 2: The New Batch,Comedy|Horror
9340,"Goonies, The",Action|Adventure|Children|Comedy|Fantasy
9342,"Mask of Zorro, The",Action|Comedy|Romance
19,Metropolis,Drama|Sci-Fi
165,Back to the Future Part II,Adventure|Comedy|Sci-Fi
196,Back to the Future Part III,Adventure|Comedy|Sci-Fi|Western
3170,Bambi,Animation|Children|Drama
346,Seven Samurai (Shichinin no samurai),Action|Adventure|Drama
841,Dune,Adventure|Sci-Fi
242,"Godfather: Part III, The",Crime|Drama|Mystery|Thriller
857,Saving Private Ryan,Action|Drama|War
10439,Hocus Pocus,Children|Comedy|Fantasy|Horror
9354,"Honey, I Shrunk the Kids",Adventure|Children|Comedy|Fantasy|Sci-Fi
9631,"Negotiator, The",Action|Crime|Drama|Mystery|Thriller
9820,"Parent Trap, The",Children|Comedy|Romance
793,Blue Velvet,Drama|Mystery|Thriller
9325,"Jungle Book, The",Animation|Children|Comedy|Musical
10340,Lady and the Tramp,Animation|Children|Comedy|Romance
10144,"Little Mermaid, The",Animation|Children|Comedy|Musical|Romance
12230,101 Dalmatians (One Hundred and One Dalmatians),Adventure|Animation|Children
10693,Peter Pan,Animation|Children|Fantasy|Musical
11319,"Rescuers, The",Adventure|Animation|Children|Crime|Drama
15969,"Return of Jafar, The",Adventure|Animation|Children|Fantasy|Musical|Romance
10882,Sleeping Beauty,Animation|Children|Musical
97,Tron,Action|Adventure|Sci-Fi
87,Indiana Jones and the Temple of Doom,Action|Adventure|Fantasy
2907,"Addams Family, The",Children|Comedy|Fantasy
15144,Sixteen Candles,Comedy|Romance
805,Rosemary's Baby,Drama|Horror|Thriller
34584,"NeverEnding Story, The",Adventure|Children|Fantasy
36647,Blade,Action|Horror|Thriller
4011,Beetlejuice,Comedy|Fantasy
1580,Rope,Crime|Drama|Thriller
847,Willow,Action|Adventure|Fantasy
117,"Untouchables, The",Action|Crime|Drama
10220,Rounders,Drama
431,Cube,Horror|Mystery|Sci-Fi|Thriller
881,"Few Good Men, A",Crime|Drama|Thriller
2109,Rush Hour,Action|Comedy|Crime|Thriller
8195,Ronin,Action|Crime|Thriller
1091,"Thing, The",Action|Horror|Sci-Fi|Thriller
162,Edward Scissorhands,Drama|Fantasy|Romance
8916,Antz,Adventure|Animation|Children|Comedy|Fantasy
12159,What Dreams May Come,Adventure|Drama|Fantasy|Romance
1955,"Elephant Man, The",Drama
2657,Pleasantville,Comedy|Drama|Fantasy
637,Life Is Beautiful (La Vita è bella),Comedy|Drama|Romance|War
73,American History X,Crime|Drama
10663,"Waterboy, The",Comedy
297,Meet Joe Black,Romance
9798,Enemy of the State,Action|Thriller
9487,"Bug's Life, A",Adventure|Animation|Children|Comedy
707,"View to a Kill, A",Action|Adventure|Thriller
9336,Police Academy,Comedy|Crime
9837,"Prince of Egypt, The",Animation|Musical
11545,Rushmore,Comedy|Drama
1934,Shakespeare in Love,Comedy|Drama|Romance
1369,Rambo: First Blood Part II,Action|Adventure|Thriller
1368,First Blood (Rambo: First Blood),Action|Adventure|Drama|Thriller
1370,Rambo III,Action|Adventure|Thriller|War
9326,Romancing the Stone,Action|Adventure|Comedy|Romance
1367,Rocky II,Action|Drama
1371,Rocky III,Action|Drama
1374,Rocky IV,Action|Drama
1375,Rocky V,Action|Drama
1885,"Karate Kid, The",Drama
8856,"Karate Kid, Part II, The",Action|Adventure|Drama
5825,Christmas Vacation (National Lampoon's Christmas Vacation),Comedy
9489,You've Got Mail,Comedy|Romance
8741,"Thin Red Line, The",Action|Drama|War
9276,"Faculty, The",Horror|Sci-Fi
10312,Patch Adams,Comedy|Drama
9426,"Fly, The",Drama|Horror|Sci-Fi|Thriller
30497,"Texas Chainsaw Massacre, The",Horror
192,"Name of the Rose, The (Name der Rose, Der)",Crime|Drama|Mystery|Thriller
9671,Crocodile Dundee,Adventure|Comedy
2112,Payback,Action|Thriller
1542,Office Space,Comedy|Crime
8224,8MM,Drama|Mystery|Thriller
871,Planet of the Apes,Action|Drama|Sci-Fi
9535,Analyze This,Comedy
796,Cruel Intentions,Drama
100,"Lock, Stock & Two Smoking Barrels",Comedy|Crime|Thriller
603,"Matrix, The",Action|Sci-Fi|Thriller
4951,10 Things I Hate About You,Comedy|Romance
1946,eXistenZ,Action|Sci-Fi|Thriller
1844,Entrapment,Crime|Thriller
564,"Mummy, The",Action|Adventure|Comedy|Fantasy|Horror|Thriller
1893,Star Wars: Episode I - The Phantom Menace,Action|Adventure|Sci-Fi
1924,Superman,Action|Adventure|Sci-Fi
8536,Superman II,Action|Sci-Fi
9531,Superman III,Action|Adventure|Sci-Fi
36685,"Rocky Horror Picture Show, The",Comedy|Horror|Musical|Sci-Fi
509,Notting Hill,Comedy|Romance
817,Austin Powers: The Spy Who Shagged Me,Action|Adventure|Comedy
37135,Tarzan,Adventure|Animation|Children|Drama
10376,"Legend of 1900, The (a.k.a. The Legend of the Pianist on the Ocean) (Leggenda del pianista sull'oceano)",Drama
104,Run Lola Run (Lola rennt),Action|Crime
9032,Big Daddy,Comedy
6488,Arachnophobia,Comedy|Horror
9473,"South Park: Bigger, Longer and Uncut",Animation|Comedy|Musical
8487,Wild Wild West,Action|Comedy|Sci-Fi|Western
2105,American Pie,Comedy|Romance
2667,"Blair Witch Project, The",Drama|Horror|Thriller
345,Eyes Wide Shut,Drama|Mystery|Thriller
620,Ghostbusters (a.k.a. Ghost Busters),Action|Comedy|Sci-Fi
2978,Ghostbusters II,Comedy|Fantasy|Sci-Fi
8914,Deep Blue Sea,Action|Horror|Sci-Fi|Thriller
4806,Runaway Bride,Comedy|Romance
967,Spartacus,Action|Drama|Romance|War
3175,Barry Lyndon,Drama|Romance|War
10386,"Iron Giant, The",Adventure|Animation|Children|Drama|Sci-Fi
745,"Sixth Sense, The",Drama|Horror|Mystery
813,Airplane!,Comedy
2280,Big,Comedy|Drama|Fantasy|Romance
1911,"13th Warrior, The",Action|Adventure|Fantasy
14,American Beauty,Drama|Romance
10669,Deliverance,Adventure|Drama|Thriller
6415,Three Kings,Action|Adventure|Comedy|Drama|War
861,Total Recall,Action|Adventure|Sci-Fi|Thriller
9377,Ferris Bueller's Day Off,Comedy
658,Goldfinger,Action|Adventure|Thriller
657,From Russia with Love,Action|Adventure|Thriller
646,Dr. No,Action|Adventure|Thriller
391,"Fistful of Dollars, A (Per un pugno di dollari)",Action|Western
772,Home Alone 2: Lost in New York,Children|Comedy
550,Fight Club,Action|Crime|Drama|Thriller
5548,RoboCop,Action|Crime|Drama|Sci-Fi|Thriller
5549,RoboCop 2,Action|Crime|Sci-Fi|Thriller
856,Who Framed Roger Rabbit?,Adventure|Animation|Children|Comedy|Crime|Fantasy|Mystery
699,For Your Eyes Only,Action|Adventure|Thriller
709,Licence to Kill,Action|Adventure|Thriller
253,Live and Let Die,Action|Adventure|Thriller
660,Thunderball,Action|Adventure|Thriller
492,Being John Malkovich,Comedy|Drama|Fantasy
128,Princess Mononoke (Mononoke-hime),Action|Adventure|Animation|Drama|Fantasy
9481,"Bone Collector, The",Thriller
9008,"Insider, The",Drama|Thriller
37094,Falling Down,Action|Drama
957,Spaceballs,Comedy|Sci-Fi
11886,Robin Hood,Adventure|Animation|Children|Comedy|Musical
1621,Trading Places,Comedy
1832,Dogma,Adventure|Comedy|Fantasy
2668,Sleepy Hollow,Fantasy|Horror|Mystery|Romance
36643,"World Is Not Enough, The",Action|Adventure|Thriller
11005,Awakenings,Drama|Mystery
9946,End of Days,Action|Fantasy|Horror|Mystery|Thriller
863,Toy Story 2,Adventure|Animation|Children|Comedy|Fantasy
497,"Green Mile, The",Crime|Drama
2277,Bicentennial Man,Drama|Romance|Sci-Fi
10137,Stuart Little,Children|Comedy|Fantasy
334,Magnolia,Drama
1850,Man on the Moon,Comedy|Drama
926,Galaxy Quest,Adventure|Comedy|Sci-Fi
1213,"Talented Mr. Ripley, The",Drama|Mystery|Thriller
3558,"Girl, Interrupted",Drama
5924,Papillon,Crime|Drama
2005,Sister Act,Comedy|Crime
9475,Scent of a Woman,Drama
8872,Wayne's World,Comedy
9869,Patriot Games,Action|Crime|Drama|Thriller
619,"Bodyguard, The",Drama|Romance|Thriller
9374,Death Becomes Her,Comedy|Fantasy
4234,Scream 3,Comedy|Horror|Mystery|Thriller
8374,"Boondock Saints, The",Action|Crime|Drama|Thriller
1907,"Beach, The",Adventure|Drama
2787,Pitch Black,Horror|Sci-Fi|Thriller
2069,"Whole Nine Yards, The",Comedy|Crime
901,City Lights,Comedy|Drama|Romance
622,"Ninth Gate, The",Fantasy|Horror|Mystery|Thriller
968,Dog Day Afternoon,Crime|Drama
820,JFK,Drama|Mystery|Thriller
462,Erin Brockovich,Drama
9532,Final Destination,Drama|Thriller
1541,Thelma & Louise,Adventure|Crime|Drama
1498,Teenage Mutant Ninja Turtles,Action|Children|Comedy|Fantasy|Sci-Fi
801,"Good Morning, Vietnam",Comedy|Drama|War
3082,Modern Times,Comedy|Drama|Romance
840,Close Encounters of the Third Kind,Adventure|Drama|Sci-Fi
243,High Fidelity,Comedy|Drama|Romance
10501,"Road to El Dorado, The",Animation|Children
879,Hook,Adventure|Comedy|Fantasy
1700,Misery,Drama|Horror|Thriller
10559,Frequency,Drama|Thriller
106,Predator,Action|Sci-Fi|Thriller
1359,American Psycho,Crime|Horror|Mystery|Thriller
1443,"Virgin Suicides, The",Drama|Romance
98,Gladiator,Action|Adventure|Drama
10567,Dinosaur,Adventure|Animation|Children
9285,Road Trip,Comedy
955,Mission: Impossible II,Action|Adventure|Thriller
8584,Shanghai Noon,Action|Adventure|Comedy|Western
668,On Her Majesty's Secret Service,Action|Adventure|Romance|Thriller
691,"Spy Who Loved Me, The",Action|Adventure|Thriller
698,Moonraker,Action|Adventure|Sci-Fi|Thriller
682,"Man with the Golden Gun, The",Action|Adventure|Thriller
9600,Big Momma's House,Comedy
11072,Blazing Saddles,Comedy|Western
985,Eraserhead,Drama|Horror
938,For a Few Dollars More (Per qualche dollaro in più),Action|Drama|Thriller|Western
169,Predator 2,Action|Sci-Fi|Thriller
865,"Running Man, The",Action|Sci-Fi
9659,Mad Max,Action|Adventure|Sci-Fi
8810,"Road Warrior, The (Mad Max 2)",Action|Adventure|Sci-Fi|Thriller
9355,Mad Max Beyond Thunderdome,Action|Adventure|Sci-Fi
9679,Gone in 60 Seconds,Action|Crime
6978,Big Trouble in Little China,Action|Adventure|Comedy|Fantasy
7443,Chicken Run,Animation|Children|Comedy
2123,"Me, Myself & Irene",Adventure|Comedy
2024,"Patriot, The",Action|Drama|War
2133,"Perfect Storm, The",Drama|Thriller
4247,Scary Movie,Comedy|Horror
1788,Footloose,Drama
36657,X-Men,Action|Adventure|Sci-Fi
2655,What Lies Beneath,Drama|Horror|Mystery
6282,Coyote Ugly,Comedy|Drama|Romance
9383,Hollow Man,Horror|Sci-Fi|Thriller
8843,"Cell, The",Drama|Horror|Thriller
37136,"Naked Gun: From the Files of Police Squad!, The",Action|Comedy|Crime|Romance
37137,"Naked Gun 2 1/2: The Smell of Fear, The",Comedy
1588,Bring It On,Comedy
786,Almost Famous,Drama
10637,Remember the Titans,Drama
9003,Hellraiser,Horror
1597,Meet the Parents,Comedy
641,Requiem for a Dream,Drama
71,Billy Elliot,Drama
1636,Bedazzled,Comedy
10647,Pay It Forward,Drama
4327,Charlie's Angels,Action|Comedy
9678,Little Nicky,Comedy
11978,Men of Honor,Drama
681,Diamonds Are Forever,Action|Adventure|Thriller
8452,"6th Day, The",Action|Sci-Fi|Thriller
8871,How the Grinch Stole Christmas (a.k.a. The Grinch),Children|Comedy|Fantasy
9741,Unbreakable,Drama|Sci-Fi
146,"Crouching Tiger, Hidden Dragon (Wo hu cang long)",Action|Drama|Romance
2609,"Planes, Trains & Automobiles",Comedy
708,"Living Daylights, The",Action|Adventure|Thriller
10673,Wall Street,Drama
107,Snatch,Comedy|Crime|Thriller
392,Chocolat,Drama|Romance
8859,"Dude, Where's My Car?",Comedy|Sci-Fi
11688,"Emperor's New Groove, The",Adventure|Animation|Children|Comedy|Fantasy
3981,What Women Want,Comedy|Romance
8358,Cast Away,Drama
5994,"Family Man, The",Comedy|Drama|Romance
1493,Miss Congeniality,Comedy|Crime
134,"O Brother, Where Art Thou?",Adventure|Comedy|Crime
1900,Traffic,Crime|Drama|Thriller
96,Beverly Hills Cop II,Action|Comedy|Crime|Thriller
90,Beverly Hills Cop,Action|Comedy|Crime|Drama
10110,Empire of the Sun,Action|Adventure|Drama|War
764,"Evil Dead, The",Fantasy|Horror|Thriller
1547,"Lost Boys, The",Comedy|Horror|Thriller
9740,Hannibal,Horror|Thriller
6073,"Mexican, The",Action|Comedy
853,Enemy at the Gates,Drama|War
77,Memento,Mystery|Thriller
10054,Spy Kids,Action|Adventure|Children|Comedy
55,Amores Perros (Love's a Bitch),Drama|Thriller
4133,Blow,Crime|Drama
634,Bridget Jones's Diary,Comedy|Drama|Romance
111,Scarface,Action|Crime|Drama
1734,"Mummy Returns, The",Action|Adventure|Comedy|Thriller
9476,"Knight's Tale, A",Action|Comedy|Romance
808,Shrek,Adventure|Animation|Children|Comedy|Fantasy|Romance
824,Moulin Rouge,Drama|Musical|Romance
676,Pearl Harbor,Action|Drama|Romance|War
966,"Magnificent Seven, The",Adventure|Western
9397,Evolution,Comedy|Sci-Fi
9705,Swordfish,Action|Crime|Drama
1089,Point Break,Action|Crime|Thriller
10865,Atlantis: The Lost Empire,Adventure|Animation|Children|Fantasy
1995,Lara Croft: Tomb Raider,Action|Adventure
9799,"Fast and the Furious, The",Action|Crime|Thriller
644,A.I. Artificial Intelligence,Adventure|Drama|Sci-Fi
4248,Scary Movie 2,Comedy
2114,Final Fantasy: The Spirits Within,Adventure|Animation|Fantasy|Sci-Fi
8835,Legally Blonde,Comedy|Romance
9602,Coming to America,Comedy|Romance
12144,"Land Before Time, The",Adventure|Animation|Children|Fantasy
2605,Short Circuit,Comedy|Sci-Fi
8337,They Live,Action|Sci-Fi|Thriller
9493,Twins,Comedy
1648,Bill & Ted's Excellent Adventure,Adventure|Comedy|Sci-Fi
9494,Look Who's Talking,Comedy|Romance
331,Jurassic Park III,Action|Adventure|Sci-Fi|Thriller
869,Planet of the Apes,Action|Adventure|Drama|Sci-Fi
9618,Tango & Cash,Action|Comedy|Crime|Thriller
9880,"Princess Diaries, The",Children|Comedy|Romance
5175,Rush Hour 2,Action|Comedy
2770,American Pie 2,Comedy
1933,"Others, The",Drama|Horror|Mystery|Thriller
9896,Rat Race,Comedy
2294,Jay and Silent Bob Strike Back,Adventure|Comedy
8922,Jeepers Creepers,Horror
2034,Training Day,Crime|Drama|Thriller
9398,Zoolander,Comedy
9778,Serendipity,Comedy|Romance
1018,Mulholland Drive,Crime|Drama|Film-Noir|Mystery|Thriller
984,Dirty Harry,Action|Crime|Thriller
768,From Hell,Crime|Horror|Mystery|Thriller
167,K-PAX,Drama|Fantasy|Mystery|Sci-Fi
9378,Thirteen Ghosts (a.k.a. Thir13en Ghosts),Horror|Thriller
141,Donnie Darko,Drama|Mystery|Sci-Fi|Thriller
585,"Monsters, Inc.",Adventure|Animation|Children|Comedy|Fantasy
10796,"One, The",Action|Sci-Fi|Thriller
9889,Shallow Hal,Comedy|Fantasy|Romance
671,Harry Potter and the Sorcerer's Stone (a.k.a. Harry Potter and the Philosopher's Stone),Adventure|Children|Fantasy
1535,Spy Game,Action|Crime|Drama|Thriller
8007,Behind Enemy Lines,Action|Drama|War
161,Ocean's Eleven,Crime|Thriller
194,"Amelie (Fabuleux destin d'Amélie Poulain, Le)",Comedy|Romance
11397,Not Another Teen Movie,Comedy
1903,Vanilla Sky,Mystery|Romance|Sci-Fi|Thriller
9428,"Royal Tenenbaums, The",Comedy|Drama
120,"Lord of the Rings: The Fellowship of the Ring, The",Adventure|Fantasy
453,"Beautiful Mind, A",Drama|Romance
8489,Ali,Drama
855,Black Hawk Down,Action|Drama|War
10950,I Am Sam,Drama
11362,The Count of Monte Cristo,Action|Adventure|Drama|Thriller
10229,"Walk to Remember, A",Drama|Romance
8470,John Q,Crime|Drama|Thriller
10590,We Were Soldiers,Action|Drama|War
2135,"Time Machine, The",Action|Adventure|Sci-Fi
425,Ice Age,Adventure|Animation|Children|Comedy
1576,Resident Evil,Action|Horror|Sci-Fi|Thriller
36586,Blade II,Action|Horror|Thriller
4547,Panic Room,Thriller
11452,National Lampoon's Van Wilder,Comedy
548,Rashomon (Rashômon),Crime|Drama|Mystery
8346,My Big Fat Greek Wedding,Comedy|Romance
9334,The Scorpion King,Action|Adventure|Fantasy|Thriller
557,Spider-Man,Action|Adventure|Sci-Fi|Thriller
245,About a Boy,Comedy|Drama|Romance
1894,Star Wars: Episode II - Attack of the Clones,Action|Adventure|Sci-Fi|IMAX
320,Insomnia,Action|Crime|Drama|Mystery|Thriller
9023,Spirit: Stallion of the Cimarron,Adventure|Animation|Children|Western
4614,"Sum of All Fears, The",Drama|Thriller
2501,"Bourne Identity, The",Action|Mystery|Thriller
9637,Scooby-Doo,Adventure|Children|Comedy|Fantasy|Mystery
11544,Lilo & Stitch,Adventure|Animation|Children|Sci-Fi
180,Minority Report,Action|Crime|Mystery|Sci-Fi|Thriller
2022,Mr. Deeds,Comedy|Romance
608,Men in Black II (a.k.a. MIIB) (a.k.a. MIB 2),Action|Comedy|Sci-Fi
6278,Reign of Fire,Action|Adventure|Fantasy
4147,Road to Perdition,Crime|Drama
10996,Stuart Little 2,Children|Comedy
818,Austin Powers in Goldmember,Comedy
2675,Signs,Horror|Sci-Fi|Thriller
9488,Spy Kids 2: The Island of Lost Dreams,Adventure|Children
7451,xXx,Action|Crime|Thriller
9357,One Hour Photo,Drama|Thriller
9595,Hot Shots!,Action|Comedy|Romance|War
4108,"Transporter, The",Action|Crime
129,Spirited Away (Sen to Chihiro no kamikakushi),Adventure|Animation|Fantasy
10771,"Tuxedo, The",Action|Comedy
9533,Red Dragon,Crime|Mystery|Thriller
1430,Bowling for Columbine,Documentary
8051,Punch-Drunk Love,Comedy|Drama|Romance
565,"Ring, The",Horror|Mystery|Thriller
12477,Grave of the Fireflies (Hotaru no haka),Animation|Drama|War
9645,Ghost Ship,Horror
65,8 Mile,Drama
672,Harry Potter and the Chamber of Secrets,Adventure|Fantasy
36669,Die Another Day,Action|Adventure|Thriller
9016,Treasure Planet,Adventure|Animation|Children|Sci-Fi|IMAX
2757,Adaptation,Comedy|Drama|Romance
7299,Equilibrium,Action|Sci-Fi|Thriller
7303,Maid in Manhattan,Comedy|Romance
201,Star Trek: Nemesis,Action|Drama|Sci-Fi|Thriller
121,"Lord of the Rings: The Two Towers, The",Adventure|Fantasy
1429,25th Hour,Crime|Drama
3131,Gangs of New York,Crime|Drama
2642,Two Weeks Notice,Comedy|Romance
4032,My Girl,Comedy|Drama|Romance
8392,My Neighbor Totoro (Tonari no Totoro),Animation|Children|Drama|Fantasy
640,Catch Me If You Can,Crime|Drama
1574,Chicago,Comedy|Crime|Drama|Musical
590,"Hours, The",Drama|Romance
423,"Pianist, The",Drama|War
598,City of God (Cidade de Deus),Action|Adventure|Crime|Drama|Thriller
9358,Final Destination 2,Horror|Thriller
1647,"Recruit, The",Action|Thriller
9919,How to Lose a Guy in 10 Days,Comedy|Romance
6038,Shanghai Knights,Action|Adventure|Comedy
9480,Daredevil,Action|Crime
11615,"Life of David Gale, The",Crime|Drama|Thriller
11635,Old School,Comedy
9567,Tears of the Sun,Action|Drama|Thriller
979,Irreversible (Irréversible),Crime|Drama|Mystery|Thriller
455,Bend It Like Beckham,Comedy|Drama|Romance
6171,Dreamcatcher,Drama|Horror|Sci-Fi|Thriller
9341,"Core, The",Action|Drama|Sci-Fi|Thriller
1817,Phone Booth,Drama|Thriller
9506,Anger Management,Comedy
2832,Identity,Crime|Horror|Mystery|Thriller
36658,X2: X-Men United,Action|Adventure|Sci-Fi|Thriller
10708,Daddy Day Care,Children|Comedy
10515,Laputa: Castle in the Sky (Tenkû no shiro Rapyuta),Action|Adventure|Animation|Children|Fantasy|Sci-Fi
604,"Matrix Reloaded, The",Action|Adventure|Sci-Fi|Thriller|IMAX
310,Bruce Almighty,Comedy|Drama|Fantasy|Romance
12,Finding Nemo,Adventure|Animation|Children|Comedy
9654,"Italian Job, The",Action|Crime
9902,Wrong Turn,Horror|Thriller
584,"2 Fast 2 Furious (Fast and the Furious 2, The)",Action|Crime|Thriller
290,Barton Fink,Drama|Thriller
170,28 Days Later,Action|Horror|Sci-Fi
9471,Charlie's Angels: Full Throttle,Action|Adventure|Comedy|Crime|Thriller
1927,Hulk,Action|Adventure|Sci-Fi
296,Terminator 3: Rise of the Machines,Action|Adventure|Sci-Fi
22,Pirates of the Caribbean: The Curse of the Black Pearl,Action|Adventure|Comedy|Fantasy
8698,"League of Extraordinary Gentlemen, The (a.k.a. LXG)",Action|Fantasy|Sci-Fi
8961,Bad Boys II,Action|Comedy|Crime|Thriller
9486,Johnny English,Action|Comedy|Thriller
1996,Lara Croft Tomb Raider: The Cradle of Life,Action|Adventure|Comedy|Romance|Thriller
12279,Spy Kids 3-D: Game Over,Action|Adventure|Children
8273,American Wedding (American Pie 3),Comedy
10330,Freaky Friday,Children|Comedy|Fantasy
9257,S.W.A.T.,Action|Thriller
6466,Freddy vs. Jason,Action|Horror|Thriller
11770,Shaolin Soccer (Siu lam juk kau),Action|Comedy
9362,Tremors,Comedy|Horror|Sci-Fi
10999,Commando,Action|Adventure
7270,Matchstick Men,Comedy|Crime|Drama
1428,Once Upon a Time in Mexico,Action|Adventure|Crime|Thriller
153,Lost in Translation,Comedy|Drama|Romance
277,Underworld,Action|Fantasy|Horror
7288,Duplex,Comedy|Crime
10159,"Rundown, The",Action|Adventure|Comedy
837,Videodrome,Fantasy|Horror|Sci-Fi|Thriller
4543,Monty Python's The Meaning of Life,Comedy
1584,School of Rock,Comedy|Musical
322,Mystic River,Crime|Drama|Mystery
24,Kill Bill: Vol. 1,Action|Crime|Thriller
9373,"Texas Chainsaw Massacre, The",Horror
4256,Scary Movie 3,Comedy|Horror
10009,Brother Bear,Adventure|Animation|Children
605,"Matrix Revolutions, The",Action|Adventure|Sci-Fi|Thriller|IMAX
10719,Elf,Children|Comedy|Fantasy
508,Love Actually,Comedy|Drama|Romance
8619,Master and Commander: The Far Side of the World,Adventure|Drama|War
4970,Gothika,Horror|Thriller
470,21 Grams,Crime|Drama|Mystery|Romance|Thriller
10147,Bad Santa,Comedy|Crime
10756,"Haunted Mansion, The",Children|Comedy|Fantasy|Horror
860,WarGames,Drama|Sci-Fi|Thriller
951,Kindergarten Cop,Action|Comedy|Crime|Thriller
9319,"Last Boy Scout, The",Action|Comedy|Crime|Drama|Thriller
3176,Battle Royale (Batoru rowaiaru),Action|Drama|Horror|Thriller
79,Hero (Ying xiong),Action|Adventure|Drama
81,Nausicaä of the Valley of the Wind (Kaze no tani no Naushika),Adventure|Animation|Drama|Fantasy|Sci-Fi
616,"Last Samurai, The",Action|Adventure|Drama|War
587,Big Fish,Drama|Fantasy|Romance
122,"Lord of the Rings: The Return of the King, The",Action|Adventure|Drama|Fantasy
504,Monster,Crime|Drama
11007,Cheaper by the Dozen,Children|Comedy
2289,Cold Mountain,Drama|Romance|War
9620,Paycheck,Action|Sci-Fi|Thriller
10601,Peter Pan,Action|Adventure|Children|Fantasy
5966,Along Came Polly,Comedy|Romance
1954,The Butterfly Effect,Drama|Sci-Fi|Thriller
1278,"Dreamers, The",Drama
1824,50 First Dates,Comedy|Romance
9352,EuroTrip,Adventure|Comedy
615,"Passion of the Christ, The",Drama
338,"Good bye, Lenin!",Comedy|Drama
9384,Starsky & Hutch,Action|Comedy|Crime|Thriller
10591,"Girl Next Door, The",Comedy|Romance
1586,Secret Window,Mystery|Thriller
924,Dawn of the Dead,Action|Drama|Horror|Thriller
38,Eternal Sunshine of the Spotless Mind,Drama|Romance|Sci-Fi
11024,Scooby-Doo 2: Monsters Unleashed,Action|Adventure|Children|Comedy|Mystery
553,Dogville,Drama|Mystery|Thriller
1487,Hellboy,Action|Adventure|Fantasy|Horror
14442,Ella Enchanted,Comedy|Fantasy|Romance
923,Dawn of the Dead,Action|Drama|Horror
393,Kill Bill: Vol. 2,Action|Drama|Thriller
7220,"Punisher, The",Action|Crime|Thriller
10096,13 Going on 30,Comedy|Fantasy|Romance
9509,Man on Fire,Action|Crime|Drama|Mystery|Thriller
10625,Mean Girls,Comedy
7131,Van Helsing,Action|Adventure|Fantasy|Horror
652,Troy,Action|Adventure|Drama|War
9461,Enter the Dragon,Action|Crime
667,You Only Live Twice,Action|Adventure|Sci-Fi|Thriller
700,Octopussy,Action|Adventure|Thriller
11474,"Warriors, The",Action|Adventure|Crime|Thriller
10775,Infernal Affairs (Mou gaan dou),Crime|Drama|Thriller
10734,Escape from Alcatraz,Drama|Thriller
809,Shrek 2,Adventure|Animation|Children|Comedy|Musical|Romance
435,"Day After Tomorrow, The",Action|Adventure|Drama|Sci-Fi|Thriller
673,Harry Potter and the Prisoner of Azkaban,Adventure|Fantasy|IMAX
2789,"Chronicles of Riddick, The",Action|Sci-Fi|Thriller
8920,Garfield: The Movie,Animation|Children|Comedy
8193,Napoleon Dynamite,Comedy
9372,Super Size Me,Comedy|Documentary|Drama
10204,Around the World in 80 Days,Adventure|Children|Comedy
9472,Dodgeball: A True Underdog Story,Comedy
594,"Terminal, The",Comedy|Drama|Romance
12153,White Chicks,Action|Comedy|Crime
11036,"Notebook, The",Drama|Romance
2330,Taxi,Action|Comedy
558,Spider-Man 2,Action|Adventure|Sci-Fi|IMAX
80,Before Sunset,Drama|Romance
9477,King Arthur,Action|Adventure|Drama|War
8699,Anchorman: The Legend of Ron Burgundy,Comedy
11247,"Cinderella Story, A",Comedy|Romance
2048,"I, Robot",Action|Adventure|Sci-Fi|Thriller
2502,"Bourne Supremacy, The",Action|Crime|Thriller
314,Catwoman,Action|Crime|Fantasy
6947,"Village, The",Drama|Mystery|Thriller
401,Garden State,Comedy|Drama|Romance
1538,Collateral,Action|Crime|Drama|Thriller
11282,Harold and Kumar Go to White Castle,Adventure|Comedy
11130,"Princess Diaries 2: Royal Engagement, The",Comedy|Romance
395,AVP: Alien vs. Predator,Action|Horror|Sci-Fi|Thriller
9759,Cellular,Action|Crime|Drama|Mystery|Thriller
1577,Resident Evil: Apocalypse,Action|Horror|Sci-Fi|Thriller
5137,Sky Captain and the World of Tomorrow,Action|Adventure|Sci-Fi
747,Shaun of the Dead,Comedy|Horror
10555,Shark Tale,Animation|Children|Comedy
14337,Primer,Drama|Sci-Fi
3989,Team America: World Police,Action|Adventure|Animation|Comedy
1970,"Grudge, The",Horror|Mystery|Thriller
9675,Sideways,Comedy|Drama|Romance
4553,The Machinist,Drama|Mystery|Thriller
176,Saw,Horror|Mystery|Thriller
1677,Ray,Drama
9806,"Incredibles, The",Action|Adventure|Animation|Children|Comedy
5255,"Polar Express, The",Adventure|Animation|Children|Fantasy|IMAX
9801,Bridget Jones: The Edge of Reason,Comedy|Drama|Romance
866,Finding Neverland,Drama
2059,National Treasure,Action|Adventure|Drama|Mystery|Thriller
11836,"SpongeBob SquarePants Movie, The",Adventure|Animation|Children|Comedy
1966,Alexander,Action|Adventure|Drama|War
2288,Closer,Drama|Romance
9550,House of Flying Daggers (Shi mian mai fu),Action|Drama|Romance
163,Ocean's Twelve,Action|Comedy|Crime|Thriller
36648,Blade: Trinity,Action|Fantasy|Horror|Thriller
8424,Love Me If You Dare (Jeux d'enfants),Drama|Romance
16859,Kiki's Delivery Service (Majo no takkyûbin),Adventure|Animation|Children|Drama|Fantasy
11621,Porco Rosso (Crimson Pig) (Kurenai no buta),Adventure|Animation|Comedy|Fantasy|Romance
9732,"Lion King II: Simba's Pride, The",Adventure|Animation|Children|Musical|Romance
2899,Asterix & Obelix: Mission Cleopatra (Astérix & Obélix: Mission Cléopâtre),Adventure|Comedy|Fantasy
11430,"Lion King 1½, The",Adventure|Animation|Children|Comedy
11774,Lemony Snicket's A Series of Unfortunate Events,Adventure|Children|Comedy|Fantasy
670,Old Boy,Mystery|Thriller
9667,"Jacket, The",Drama|Mystery|Sci-Fi|Thriller
9316,Ong-Bak: The Thai Warrior (Ong Bak),Action|Thriller
5528,"Chorus, The (Choristes, Les)",Drama
4836,Layer Cake,Crime|Drama|Thriller
10320,"Ring Two, The",Drama|Horror|Mystery|Thriller
3509,"Scanner Darkly, A",Animation|Drama|Mystery|Sci-Fi|Thriller
70,Million Dollar Baby,Drama
205,Hotel Rwanda,Drama|War
118,Charlie and the Chocolate Factory,Adventure|Children|Comedy|Fantasy|IMAX
421,"Life Aquatic with Steve Zissou, The",Adventure|Comedy|Fantasy
2567,"Aviator, The",Drama
9833,"Phantom of the Opera, The",Drama|Musical|Romance
693,Meet the Fockers,Comedy
9947,Elektra,Action|Adventure|Crime|Drama
7214,Coach Carter,Drama
613,"Downfall (Untergang, Der)",Drama|War
11096,Hide and Seek,Horror|Mystery|Thriller
4935,Howl's Moving Castle (Hauru no ugoku shiro),Adventure|Animation|Fantasy|Romance
8488,Hitch,Comedy|Romance
561,Constantine,Action|Fantasy|Horror|Thriller
9470,Kung Fu Hustle (Gong fu),Action|Comedy
10022,"Pacifier, The",Action|Comedy
2026,Hostage,Action|Crime|Drama|Thriller
9928,Robots,Adventure|Animation|Children|Comedy|Fantasy|Sci-Fi|IMAX
187,Sin City,Action|Crime|Film-Noir|Mystery|Thriller
7364,Sahara,Action|Adventure|Comedy
7453,"Hitchhiker's Guide to the Galaxy, The",Adventure|Comedy|Sci-Fi
10065,"Amityville Horror, The",Horror|Thriller
11679,xXx: State of the Union,Action|Crime|Thriller
1495,Kingdom of Heaven,Action|Drama|Romance|War
10066,House of Wax,Horror|Thriller
1640,Crash,Crime|Drama
10027,Unleashed (Danny the Dog),Action|Crime|Drama|Thriller
1895,Star Wars: Episode III - Revenge of the Sith,Action|Adventure|Sci-Fi
953,Madagascar,Adventure|Animation|Children|Comedy
9291,"Longest Yard, The",Comedy|Drama
921,Cinderella Man,Drama|Romance
787,Mr. & Mrs. Smith,Action|Adventure|Comedy|Romance
272,Batman Begins,Action|Crime|IMAX
11451,Herbie: Fully Loaded,Adventure|Comedy|Romance
9722,Bewitched,Comedy|Fantasy|Romance
74,War of the Worlds,Action|Adventure|Sci-Fi|Thriller
9738,Fantastic Four,Action|Adventure|Sci-Fi
9522,Wedding Crashers,Comedy|Romance
1635,"Island, The",Action|Sci-Fi|Thriller
11459,Sky High,Action|Adventure|Children|Comedy
16320,Serenity,Action|Adventure|Sci-Fi
9913,"Skeleton Key, The",Drama|Horror|Mystery|Thriller
8292,Four Brothers,Action|Crime|Drama
6957,"40-Year-Old Virgin, The",Comedy|Romance
11460,Red Eye,Horror|Thriller
4442,"Brothers Grimm, The",Comedy|Fantasy|Horror|Thriller
9335,Transporter 2,Action|Crime|Thriller
9007,Just Like Heaven,Comedy|Fantasy|Romance
1830,Lord of War,Action|Crime|Drama|Thriller|War
8814,Doom,Action|Horror|Sci-Fi
9923,Domino,Crime|Drama|Thriller
8202,Aeon Flux,Action|Sci-Fi
8643,"Exorcism of Emily Rose, The",Crime|Drama|Horror|Thriller
9315,Flightplan,Action|Drama|Thriller
3933,Corpse Bride,Animation|Comedy|Fantasy|Musical|Romance
8923,Green Street Hooligans (a.k.a. Hooligans),Crime|Drama
59,"History of Violence, A",Action|Crime|Drama|Thriller
11968,Into the Blue,Action|Adventure|Crime|Thriller
533,Wallace & Gromit in The Curse of the Were-Rabbit,Adventure|Animation|Children|Comedy
5236,Kiss Kiss Bang Bang,Comedy|Crime|Mystery|Thriller
11931,In Her Shoes,Comedy|Drama
142,Brokeback Mountain,Drama|Romance
1656,"Legend of Zorro, The",Action|Adventure|Drama|Western
215,Saw II,Horror|Thriller
8274,American Pie Presents: Band Camp (American Pie 4: Band Camp),Comedy
25,Jarhead,Action|Drama|War
9982,Chicken Little,Action|Adventure|Animation|Children|Comedy|Sci-Fi
231,Syriana,Drama|Thriller
4348,Pride & Prejudice,Drama|Romance
9392,"Descent, The",Adventure|Drama|Horror|Thriller
674,Harry Potter and the Goblet of Fire,Adventure|Fantasy|Thriller|IMAX
69,Walk the Line,Drama|Musical|Romance
6795,Zathura,Action|Adventure|Children|Fantasy
116,Match Point,Crime|Drama|Romance
411,"Chronicles of Narnia: The Lion, the Witch and the Wardrobe, The",Adventure|Children|Fantasy
254,King Kong,Action|Adventure|Drama|Fantasy|Thriller
1904,Memoirs of a Geisha,Drama|Romance
612,Munich,Action|Crime|Drama|Thriller
9641,Cheaper by the Dozen 2,Adventure|Comedy
7552,Fun with Dick and Jane,Comedy|Crime
10045,District 13 (Banlieue 13),Action|Crime|Sci-Fi
1690,Hostel,Horror
10982,Hoodwinked!,Animation|Children|Comedy
834,Underworld: Evolution,Action|Fantasy|Horror
11283,Nanny McPhee,Children|Comedy|Fantasy
9286,Final Destination 3,Horror|Mystery|Thriller
12096,"Pink Panther, The",Adventure|Comedy|Crime
9036,Eight Below,Action|Adventure|Drama|Romance
9920,Ultraviolet,Action|Fantasy|Sci-Fi|Thriller
10025,Just My Luck,Comedy|Romance
2207,16 Blocks,Crime|Thriller
950,Ice Age 2: The Meltdown,Adventure|Animation|Children|Comedy
752,V for Vendetta,Action|Sci-Fi|Thriller|IMAX
9655,She's the Man,Comedy|Romance
9388,Thank You for Smoking,Comedy|Drama
388,Inside Man,Crime|Drama|Thriller
9792,"Hills Have Eyes, The",Drama|Horror|Thriller
582,"Lives of Others, The (Das leben der Anderen)",Drama|Romance|Thriller
186,Lucky Number Slevin,Crime|Drama|Mystery
4257,Scary Movie 4,Comedy|Horror
2652,Hard Candy,Drama|Thriller
588,Silent Hill,Fantasy|Horror|Thriller
956,Mission: Impossible III,Action|Adventure|Thriller
9530,RV,Adventure|Children|Comedy
7518,Over the Hedge,Adventure|Animation|Children|Comedy
503,Poseidon,Action|Adventure|Thriller|IMAX
591,"Da Vinci Code, The",Drama|Mystery|Thriller
36668,X-Men: The Last Stand,Action|Sci-Fi|Thriller
9767,"Break-Up, The",Comedy|Drama|Romance
920,Cars,Animation|Children|Comedy
2044,"Lake House, The",Drama|Fantasy|Romance
9339,Click,Adventure|Comedy|Drama|Fantasy|Romance
350,"Devil Wears Prada, The",Comedy|Drama
58,Pirates of the Caribbean: Dead Man's Chest,Action|Adventure|Fantasy
4474,My Super Ex-Girlfriend,Comedy|Fantasy|Romance
1887,Marie Antoinette,Drama|Romance
10947,High School Musical,Children|Comedy|Drama|Musical|Romance
9615,"Fast and the Furious: Tokyo Drift, The (Fast and the Furious 3, The)",Action|Crime|Drama|Thriller
9513,Garfield: A Tail of Two Kitties,Animation|Children|Comedy
1452,Superman Returns,Action|Adventure|Sci-Fi|IMAX
773,Little Miss Sunshine,Adventure|Comedy|Drama
1164,Babel,Drama|Thriller
9297,Monster House,Animation|Children|Fantasy|Mystery
326,Snakes on a Plane,Action|Comedy|Horror|Thriller
9718,Talladega Nights: The Ballad of Ricky Bobby,Action|Comedy
1593,Night at the Museum,Action|Comedy|Fantasy|IMAX
1852,World Trade Center,Drama
1262,Stranger than Fiction,Comedy|Drama|Fantasy|Romance
82,Miami Vice,Action|Crime|Drama|Thriller
1402,"Pursuit of Happyness, The",Drama
1948,Crank,Action|Thriller
9762,Step Up,Drama|Romance
1491,"Illusionist, The",Drama|Fantasy|Mystery|Romance
7512,Idiocracy,Adventure|Comedy|Sci-Fi|Thriller
1381,"Fountain, The",Drama|Fantasy|Romance
1579,Apocalypto,Adventure|Drama|Thriller
496,Borat: Cultural Learnings of America for Make Benefit Glorious Nation of Kazakhstan,Comedy
1417,"Pan's Labyrinth (Laberinto del fauno, El)",Drama|Fantasy|Thriller
7484,Open Season,Adventure|Animation|Children|Comedy|IMAX
1422,"Departed, The",Crime|Drama|Thriller
1523,"Last King of Scotland, The",Drama|Thriller
9693,Children of Men,Action|Adventure|Drama|Sci-Fi|Thriller
1124,"Prestige, The",Drama|Mystery|Sci-Fi|Thriller
3683,Flags of Our Fathers,Drama|War
214,Saw III,Crime|Horror|Thriller
11619,Flushed Away,Animation|Comedy
1427,Perfume: The Story of a Murderer,Crime|Drama|Thriller
36557,Casino Royale,Action|Adventure|Thriller
9836,Happy Feet,Adventure|Animation|Children|Comedy|IMAX
7551,Déjà Vu (Deja Vu),Action|Sci-Fi|Thriller
1581,"Holiday, The",Comedy|Romance
1372,Blood Diamond,Action|Adventure|Crime|Drama|Thriller|War
2486,Eragon,Action|Adventure|Fantasy
1246,Rocky Balboa,Action|Drama
1251,Letters from Iwo Jima,Drama|War
8275,American Pie Presents The Naked Mile (American Pie 5: The Naked Mile),Comedy|Romance
7457,Alpha Dog,Crime|Drama
1265,Bridge to Terabithia,Adventure|Children|Fantasy
7516,Smokin' Aces,Action|Crime|Drama|Thriller
1248,Hannibal Rising,Drama|Horror|Thriller
2062,Ratatouille,Animation|Children|Drama
1250,Ghost Rider,Action|Fantasy|Thriller
11172,Music and Lyrics,Comedy|Romance
3594,"Number 23, The",Drama|Mystery|Thriller
4638,Hot Fuzz,Action|Comedy|Crime|Mystery
1738,Next,Action|Sci-Fi|Thriller
1949,Zodiac,Crime|Drama|Thriller
11199,Wild Hogs,Adventure|Comedy
1271,300,Action|Fantasy|War|IMAX
1255,"Host, The (Gwoemul)",Comedy|Drama|Horror|Sci-Fi|Thriller
14001,Dead Silence,Horror|Mystery|Thriller
7485,Shooter,Action|Drama|Thriller
9955,Blades of Glory,Comedy|Romance
1267,Meet the Robinsons,Action|Adventure|Animation|Children|Comedy|Sci-Fi
1272,Sunshine,Adventure|Drama|Sci-Fi|Thriller
8271,Disturbia,Drama|Thriller
6145,Fracture,Crime|Drama|Mystery|Thriller
1268,Mr. Bean's Holiday,Comedy
559,Spider-Man 3,Action|Adventure|Sci-Fi|Thriller|IMAX
4964,Knocked Up,Comedy|Drama|Romance
2976,Hairspray,Comedy|Drama|Musical
1562,28 Weeks Later,Horror|Sci-Fi|Thriller
810,Shrek the Third,Adventure|Animation|Children|Comedy|Fantasy
5723,Once,Drama|Musical|Romance
285,Pirates of the Caribbean: At World's End,Action|Adventure|Comedy|Fantasy
3432,Mr. Brooks,Crime|Drama|Thriller
298,Ocean's Thirteen,Crime|Thriller
1691,Hostel: Part II,Crime|Horror|Thriller
9408,Surf's Up,Animation|Children|Comedy
1979,Fantastic Four: Rise of the Silver Surfer,Action|Adventure|Sci-Fi
1991,Death Proof,Action|Adventure|Crime|Horror|Thriller
3021,1408,Drama|Horror|Thriller
2196,Death at a Funeral,Comedy
1571,Live Free or Die Hard,Action|Adventure|Crime|Thriller
2698,Evan Almighty,Comedy|Fantasy
1858,Transformers,Action|Sci-Fi|Thriller|IMAX
675,Harry Potter and the Order of the Phoenix,Adventure|Drama|Fantasy|IMAX
3563,I Now Pronounce You Chuck and Larry,Comedy|Romance
2270,Stardust,Adventure|Comedy|Fantasy|Romance
35,"Simpsons Movie, The",Animation|Comedy
2503,"Bourne Ultimatum, The",Action|Crime|Thriller
8363,Superbad,Comedy
5174,Rush Hour 3,Action|Comedy|Crime|Thriller
4349,"Kingdom, The",Action|Drama|Thriller
2082,Halloween,Horror
1992,Planet Terror,Action|Horror|Sci-Fi
5176,3:10 to Yuma,Action|Crime|Drama|Western
4141,Shoot 'Em Up,Action|Comedy|Crime
4347,Atonement,Drama|Romance|War
2252,Eastern Promises,Crime|Drama|Thriller
7737,Resident Evil: Extinction,Action|Horror|Sci-Fi|Thriller
10030,Good Luck Chuck,Comedy|Romance
5915,Into the Wild,Action|Adventure|Drama
4538,"Darjeeling Limited, The",Adventure|Comedy|Drama
4566,Michael Clayton,Drama|Thriller
6615,Lars and the Real Girl,Comedy|Drama
4513,30 Days of Night,Horror|Thriller
4771,Gone Baby Gone,Crime|Drama|Mystery
4512,"Assassination of Jesse James by the Coward Robert Ford, The",Crime|Drama|Western
2011,Persepolis,Animation|Drama
663,Saw IV,Crime|Horror|Thriller
7347,Elite Squad (Tropa de Elite),Action|Crime|Drama|Thriller
4982,American Gangster,Crime|Drama|Thriller
5559,Bee Movie,Animation|Comedy
6977,No Country for Old Men,Crime|Drama
5123,August Rush,Drama|Musical
13363,"Man from Earth, The",Drama|Sci-Fi
2310,Beowulf,Action|Adventure|Animation|Fantasy|IMAX
5876,"Mist, The",Horror|Sci-Fi
4523,Enchanted,Adventure|Animation|Children|Comedy|Fantasy|Musical|Romance
1620,Hitman,Action|Crime|Thriller
2268,"Golden Compass, The",Adventure|Children|Fantasy
6479,I Am Legend,Action|Horror|Sci-Fi|Thriller|IMAX
6477,Alvin and the Chipmunks,Children|Comedy
6537,"Orphanage, The (Orfanato, El)",Drama|Horror|Mystery|Thriller
7326,Juno,Comedy|Drama|Romance
7350,"Bucket List, The",Comedy|Drama
13885,Sweeney Todd: The Demon Barber of Fleet Street,Drama|Horror|Musical|Thriller
6637,National Treasure: Book of Secrets,Action|Adventure
7345,There Will Be Blood,Drama|Western
440,AVPR: Aliens vs. Predator - Requiem,Action|Horror|Sci-Fi
6023,P.S. I Love You,Comedy|Drama|Romance
6557,27 Dresses,Comedy|Romance
8329,[REC],Drama|Horror|Thriller
7191,Cloverfield,Action|Mystery|Sci-Fi|Thriller
7555,Rambo (Rambo 4),Action|Drama|Thriller|War
11253,Hellboy II: The Golden Army,Action|Adventure|Fantasy|Sci-Fi
8321,In Bruges,Comedy|Crime|Drama|Thriller
8676,Fool's Gold,Action|Adventure|Comedy|Romance
8247,Jumper,Action|Adventure|Drama|Sci-Fi|Thriller
8390,"Definitely, Maybe",Comedy|Drama|Romance
7461,Vantage Point,Action|Drama|Thriller
8204,"Spiderwick Chronicles, The",Adventure|Children|Drama|Fantasy|IMAX
8328,Step Up 2 the Streets,Drama|Musical|Romance
12184,"Other Boleyn Girl, The",Drama|Romance
7840,"10,000 BC",Adventure|Romance|Thriller
8848,"Bank Job, The",Action|Crime|Thriller
12222,Horton Hears a Who!,Adventure|Animation|Children|Comedy
8461,Funny Games U.S.,Drama|Thriller
155,"Dark Knight, The",Action|Crime|Drama|IMAX
8456,Never Back Down,Action
8065,21,Crime|Drama|Romance|Thriller
9870,Forgetting Sarah Marshall,Comedy|Romance
13335,Harold & Kumar Escape from Guantanamo Bay,Adventure|Comedy
1729,"Forbidden Kingdom, The",Action|Adventure|Comedy|Fantasy
1726,Iron Man,Action|Adventure|Sci-Fi
8681,Taken,Action|Crime|Drama|Thriller
9029,What Happens in Vegas...,Comedy|Romance
8277,American Pie Presents Beta House (American Pie 6: Beta House),Comedy
2454,"Chronicles of Narnia: Prince Caspian, The",Adventure|Children|Fantasy
217,Indiana Jones and the Kingdom of the Crystal Skull,Action|Adventure|Comedy|Sci-Fi
4564,Sex and the City,Comedy|Romance
10665,"Strangers, The",Horror|Thriller
9502,Kung Fu Panda,Action|Animation|Children|Comedy|IMAX
10661,You Don't Mess with the Zohan,Comedy
8645,"Happening, The",Drama|Sci-Fi|Thriller
1724,"Incredible Hulk, The",Action|Sci-Fi
10681,WALL·E,Adventure|Animation|Children|Romance|Sci-Fi
8909,Wanted,Action|Thriller
8960,Hancock,Action|Adventure|Comedy|Crime|Fantasy
11665,Get Smart,Action|Comedy
11631,Mamma Mia!,Comedy|Musical|Romance
8265,Welcome to the Sticks (Bienvenue chez les Ch'tis),Comedy
88751,Journey to the Center of the Earth,Action|Adventure|Sci-Fi
13183,Watchmen,Action|Drama|Mystery|Sci-Fi|Thriller|IMAX
12133,Step Brothers,Comedy
8836,"X-Files: I Want to Believe, The",Drama|Mystery|Sci-Fi|Thriller
1735,"Mummy: Tomb of the Dragon Emperor, The",Action|Adventure|Fantasy|Thriller
5038,Vicky Cristina Barcelona,Comedy|Drama|Romance
10189,Pineapple Express,Action|Comedy|Crime
13649,High School Musical 2,Comedy|Drama|Musical|Romance
7446,Tropic Thunder,Action|Adventure|Comedy|War
13310,Let the Right One In (Låt den rätte komma in),Drama|Fantasy|Horror|Romance
10483,Death Race,Action|Adventure|Sci-Fi|Thriller
12620,"House Bunny, The",Comedy
13515,Mirrors,Horror|Mystery|Thriller
4944,Burn After Reading,Comedy|Crime|Drama
9381,Babylon A.D.,Action|Adventure|Sci-Fi|Thriller
13027,Eagle Eye,Action|Crime|Thriller|IMAX
12113,Body of Lies,Action|Drama|Thriller
13600,City of Ember,Adventure|Children|Sci-Fi
13051,Max Payne,Action|Crime|Drama|Thriller
10358,Zack and Miri Make a Porno,Comedy|Drama|Romance
7735,"Wave, The (Welle, Die)",Drama
13809,RocknRolla,Action|Crime
10527,Madagascar: Escape 2 Africa,Action|Adventure|Animation|Children|Comedy|IMAX
3580,Changeling,Crime|Drama|Mystery
20766,"Road, The",Adventure|Drama|Thriller
12405,Slumdog Millionaire,Crime|Drama|Romance
10764,Quantum of Solace,Action|Adventure|Thriller
15373,Role Models,Comedy
11917,Saw V,Crime|Horror|Thriller
6972,Australia,Adventure|Drama|War|Western
13053,Bolt,Action|Adventure|Animation|Children|Comedy
10139,Milk,Drama
8966,Twilight,Drama|Fantasy|Romance|Thriller
13387,Transporter 3,Action|Adventure|Crime|Thriller
14574,"Boy in the Striped Pajamas, The (Boy in the Striped Pyjamas, The)",Drama|War
10200,"Day the Earth Stood Still, The",Drama|Sci-Fi|Thriller|IMAX
14359,Doubt,Drama|Mystery
13223,Gran Torino,Crime|Drama
8055,"Reader, The",Drama|Romance
11321,Seven Pounds,Drama
12163,"Wrestler, The",Drama
4922,"Curious Case of Benjamin Button, The",Drama|Fantasy|Mystery|Romance
10201,Yes Man,Comedy
2253,Valkyrie,Drama|Thriller|War
10202,Bedtime Stories,Adventure|Children|Comedy
4148,Revolutionary Road,Drama|Romance
13813,Defiance,Drama|Thriller|War
14306,Marley & Me,Comedy|Drama
12429,Ponyo (Gake no ue no Ponyo),Adventure|Animation|Children|Fantasy
14756,Ip Man,Action|Drama|War
10521,Bride Wars,Comedy|Romance
12437,Underworld: Rise of the Lycans,Action|Fantasy|Horror|Thriller
2309,Inkheart,Adventure|Fantasy
14560,Paul Blart: Mall Cop,Action|Comedy|Crime
14836,Coraline,Animation|Fantasy|Thriller
13455,Push,Sci-Fi|Thriller
10184,He's Just Not That Into You,Comedy|Drama|Romance
13207,Friday the 13th,Horror
16538,"I Love You, Man",Comedy
13811,Knowing,Action|Drama|Mystery|Sci-Fi|Thriller
15472,"Girl with the Dragon Tattoo, The (Män som hatar kvinnor)",Crime|Drama|Mystery|Thriller
15512,Monsters vs. Aliens,Animation|Sci-Fi|IMAX
16614,Adventureland,Comedy|Drama
20048,Confessions of a Shopaholic,Comedy|Romance
13804,"Fast & Furious (Fast and the Furious 4, The)",Action|Crime|Drama|Thriller
18947,Pirate Radio,Comedy|Drama
16996,17 Again,Comedy|Drama
16869,Inglourious Basterds,Action|Drama|War
16995,State of Play,Crime|Drama|Thriller
15092,Crank: High Voltage,Action|Comedy|Crime
17431,Moon,Drama|Mystery|Sci-Fi|Thriller
2080,X-Men Origins: Wolverine,Action|Sci-Fi|Thriller
13475,Star Trek,Action|Adventure|Sci-Fi|IMAX
13448,Angels & Demons,Crime|Drama|Mystery|Thriller
534,Terminator Salvation,Action|Adventure|Sci-Fi|Thriller
18360,Night at the Museum: Battle of the Smithsonian,Action|Comedy|IMAX
16871,Drag Me to Hell,Comedy|Horror
14160,Up,Adventure|Animation|Children|Drama
18785,"Hangover, The",Comedy|Crime
17609,Antichrist,Drama|Fantasy
18487,"Taking of Pelham 1 2 3, The",Crime|Drama|Thriller
18240,"Proposal, The",Comedy|Romance
17610,Year One,Adventure|Comedy
12162,"Hurt Locker, The",Action|Drama|Thriller|War
8373,Transformers: Revenge of the Fallen,Action|Adventure|Sci-Fi|IMAX
12556,Ghosts of Girlfriends Past,Comedy|Fantasy|Romance
11322,Public Enemies,Crime|Drama|Thriller
8355,Ice Age: Dawn of the Dinosaurs,Action|Adventure|Animation|Children|Comedy|Romance
10024,My Sister's Keeper,Drama
19913,(500) Days of Summer,Comedy|Drama|Romance
18480,Brüno (Bruno),Comedy
767,Harry Potter and the Half-Blood Prince,Adventure|Fantasy|Mystery|Romance|IMAX
8054,"Imaginarium of Doctor Parnassus, The",Drama|Fantasy
21208,Orphan,Drama|Horror|Mystery|Thriller
20943,"Ugly Truth, The",Comedy|Drama|Romance
17654,District 9,Mystery|Sci-Fi|Thriller
24803,Julie & Julia,Comedy|Drama|Romance
13836,Race to Witch Mountain,Adventure|Children|Fantasy|Sci-Fi|Thriller
18126,Hannah Montana: The Movie,Comedy|Drama|Musical|Romance
14869,G.I. Joe: The Rise of Cobra,Action|Adventure|Sci-Fi|Thriller
24420,"Time Traveler's Wife, The",Drama|Romance|Sci-Fi
19585,G-Force,Action|Adventure|Children|Fantasy
18533,Bronson,Action|Comedy|Drama|Thriller
25376,"Secret in Their Eyes, The (El secreto de sus ojos)",Crime|Drama|Mystery|Romance|Thriller
12244,9,Adventure|Animation|Sci-Fi
19898,Pandorum,Horror|Sci-Fi|Thriller
10313,"Men Who Stare at Goats, The",Action|Comedy|Drama
19994,Jennifer's Body,Comedy|Horror|Sci-Fi|Thriller
19912,"Final Destination, The (Final Destination 4) (Final Destination in 3-D, The)",Horror|Thriller
18501,Gamer,Action|Sci-Fi|Thriller
22794,Cloudy with a Chance of Meatballs,Animation|Children|Fantasy|IMAX
23827,Paranormal Activity,Horror|Thriller
12573,"Serious Man, A",Comedy|Drama
23082,"Invention of Lying, The",Comedy
19959,Surrogates,Action|Sci-Fi|Thriller
19908,Zombieland,Action|Comedy|Horror
19899,Couples Retreat,Comedy|Romance
16523,Where the Wild Things Are,Adventure|Children|Drama|Fantasy|IMAX
22803,Law Abiding Citizen,Drama|Thriller
24238,Mary and Max,Animation|Comedy|Drama
22947,Up in the Air,Drama|Romance
22804,Saw VI,Crime|Horror|Mystery|Thriller
10315,Fantastic Mr. Fox,Adventure|Animation|Children|Comedy|Crime
17979,"Christmas Carol, A",Animation|Children|Drama|Fantasy|IMAX
14161,2012,Action|Drama|Sci-Fi|Thriller
18239,"Twilight Saga: New Moon, The",Drama|Fantasy|Horror|Romance|Thriller
7445,Brothers,Drama|Thriller|War
22881,"Blind Side, The",Drama
16866,Planet 51,Adventure|Animation|Children|Comedy|Sci-Fi
34653,"Single Man, A",Drama
7980,"Lovely Bones, The",Crime|Drama|Fantasy|Horror|Thriller
22954,Invictus,Drama
10198,"Princess and the Frog, The",Animation|Children|Fantasy|Musical|Romance
19995,Avatar,Action|Adventure|Sci-Fi|IMAX
10528,Sherlock Holmes,Action|Crime|Mystery|Thriller
23398,Alvin and the Chipmunks: The Squeakquel,Animation|Children|Comedy|Musical
26123,American Pie Presents: The Book of Love (American Pie 7: The Book of Love),Comedy
19901,Daybreakers,Action|Drama|Horror|Thriller
28178,Hachiko: A Dog's Story (a.k.a. Hachi: A Dog's Tale),Drama
25195,Leap Year,Comedy|Romance
20504,"Book of Eli, The",Action|Adventure|Drama
33613,"Girl Who Kicked the Hornet's Nest, The (Luftslottet som sprängdes)",Action|Crime|Mystery
2395,Asterix at the Olympic Games (Astérix aux jeux olympiques),Adventure|Children|Comedy|Fantasy
20453,3 Idiots,Comedy|Drama|Romance
22894,Legion,Action|Fantasy|Horror|Thriller
26466,Triangle,Drama|Horror|Mystery|Thriller
8952,I Love You Phillip Morris,Comedy|Drama|Romance
32856,Valentine's Day,Comedy|Romance
7978,"Wolfman, The",Horror|Thriller
11324,Shutter Island,Drama|Mystery|Thriller
24253,"Girl Who Played with Fire, The (Flickan som lekte med elden)",Action|Crime|Drama|Mystery|Thriller
32657,Percy Jackson & the Olympians: The Lightning Thief,Adventure|Fantasy
23742,Cop Out,Action|Comedy|Crime
11439,"Ghost Writer, The",Drama|Mystery|Thriller
29427,"Crazies, The",Action|Drama|Horror|Sci-Fi|Thriller
22971,Dear John,Drama|Romance|War
23023,Tooth Fairy,Comedy|Fantasy
10664,[REC]²,Horror|Thriller
12155,Alice in Wonderland,Adventure|Fantasy|IMAX
22972,Green Zone,Action|Drama|Thriller|War
26389,From Paris with Love,Action|Crime
23488,Dorian Gray,Drama|Horror|Sci-Fi
34016,She's Out of My League,Comedy
23169,Remember Me,Drama|Romance
44363,Frozen,Drama|Horror|Thriller
27573,"Bounty Hunter, The",Action|Comedy|Romance
31867,Repo Men,Action|Sci-Fi|Thriller
28355,Case 39,Horror|Thriller
23048,Hot Tub Time Machine,Comedy|Sci-Fi
10191,How to Train Your Dragon,Adventure|Animation|Children|Fantasy|IMAX
18823,Clash of the Titans,Action|Adventure|Drama|Fantasy
23483,Kick-Ass,Action|Comedy
35056,Date Night,Action|Comedy|Romance
34813,"Losers, The",Action|Adventure|Drama|Mystery|Thriller
35690,"Last Song, The",Drama|Romance
37169,"Human Centipede, The (First Sequence)",Horror
10138,Iron Man 2,Action|Adventure|Sci-Fi|Thriller|IMAX
23437,"Nightmare on Elm Street, A",Fantasy|Horror|Thriller
20662,Robin Hood,Action|Adventure|Drama|Romance|War
46705,Blue Valentine,Drama|Romance
37821,Killers,Action|Comedy
26388,Buried,Mystery|Thriller
9543,Prince of Persia: The Sands of Time,Action|Adventure|Fantasy|Romance|IMAX
32823,Get Him to the Greek,Comedy
34806,"Back-up Plan, The",Comedy|Romance
37707,Splice,Horror|Sci-Fi|Thriller
37056,Letters to Juliet,Drama|Romance
29917,Exam,Mystery|Thriller
34544,"A-Team, The",Action|Comedy|Thriller
10193,Toy Story 3,Adventure|Animation|Children|Comedy|Fantasy|IMAX
39013,Winter's Bone,Drama|Thriller
10192,Shrek Forever After (a.k.a. Shrek: The Final Chapter),Adventure|Animation|Children|Comedy|Fantasy|IMAX
24021,"Twilight Saga: Eclipse, The",Fantasy|Romance|Thriller|IMAX
10196,"Last Airbender, The",Action|Adventure|Fantasy
34851,Predators,Action|Sci-Fi|Thriller
20352,Despicable Me,Animation|Children|Comedy|Crime
27205,Inception,Action|Crime|Drama|Mystery|Sci-Fi|Thriller|IMAX
38365,Grown Ups,Comedy
27022,"Sorcerer's Apprentice, The",Action|Adventure|Children|Comedy|Fantasy
37834,Knight and Day,Action|Comedy|Romance
38575,"Karate Kid, The",Action|Children|Drama
39781,"Kids Are All Right, The",Comedy|Drama
40662,Batman: Under the Red Hood,Action|Animation
27576,Salt,Action|Thriller
31011,Mr. Nobody,Drama|Fantasy|Romance|Sci-Fi
38778,Dinner for Schmucks,Comedy
37472,Ip Man 2,Action
27581,"Other Guys, The",Action|Comedy
27578,"Expendables, The",Action|Adventure|Thriller
22538,Scott Pilgrim vs. the World,Action|Comedy|Fantasy|Musical|Romance
43593,Piranha (Piranha 3D),Action|Horror|Thriller
27579,"American, The",Drama|Thriller
41210,"Switch, The",Comedy|Romance
23631,Machete,Action|Adventure|Comedy|Crime|Thriller
35791,Resident Evil: Afterlife,Action|Horror|Sci-Fi|Thriller|IMAX
37799,"Social Network, The",Drama
23168,"Town, The",Crime|Drama|Thriller
37735,Easy A,Comedy|Romance
38167,Eat Pray Love,Drama|Romance
33909,Wall Street: Money Never Sleeps,Drama
41216,Legend of the Guardians: The Owls of Ga'Hoole,Adventure|Animation|Fantasy|IMAX
43923,It's Kind of a Funny Story,Comedy|Drama
41402,Let Me In,Drama|Horror|Mystery
44040,Devil,Horror|Mystery|Thriller
38408,Life as We Know It,Comedy|Romance
43933,Monsters,Drama|Sci-Fi
42188,Never Let Me Go,Drama|Romance|Sci-Fi
39514,Red,Action|Comedy
41436,Paranormal Activity 2,Horror|IMAX
44603,Hereafter,Drama|Fantasy
41439,Saw VII 3D - The Final Chapter,Horror|Mystery|Thriller
41733,Due Date,Comedy
44115,127 Hours,Adventure|Drama|Thriller
38055,Megamind,Action|Animation|Children|Comedy|Sci-Fi|IMAX
44214,Black Swan,Drama|Thriller
44048,Unstoppable,Action|Drama|Thriller
43539,"Next Three Days, The",Crime|Drama|Romance|Thriller
12444,Harry Potter and the Deathly Hallows: Part 1,Action|Adventure|Fantasy|IMAX
45269,"King's Speech, The",Drama
38757,Tangled,Animation|Children|Comedy|Fantasy|Musical|Romance|IMAX
45317,"Fighter, The",Drama
42684,Skyline,Sci-Fi|Thriller
38117,Beastly,Drama|Fantasy|Romance
43347,Love and Other Drugs,Comedy|Drama|Romance
10140,"Chronicles of Narnia: The Voyage of the Dawn Treader, The",Adventure|Children|Fantasy
37710,"Tourist, The",Drama|Thriller
44264,True Grit,Western
20526,Tron: Legacy,Action|Adventure|Sci-Fi|IMAX
49797,I Saw the Devil (Akmareul boatda),Crime|Thriller
41283,Faster,Action|Crime|Drama
39451,Little Fockers,Comedy
38745,Gulliver's Travels,Adventure|Comedy|Fantasy
42297,Burlesque,Drama|Musical|Romance
51739,"Secret World of Arrietty, The (Kari-gurashi no Arietti)",Animation|Children|Fantasy
46838,Tucker & Dale vs Evil,Comedy|Horror
40805,"Green Hornet, The",Action|Comedy|Crime|Fantasy|Thriller|IMAX
49009,"Way Back, The",Drama
23047,Season of the Witch,Adventure|Drama|Fantasy
49849,Cowboys & Aliens,Action|Sci-Fi|Thriller|Western|IMAX
51876,Limitless,Sci-Fi|Thriller
43947,I Spit on Your Grave,Crime|Horror|Thriller
41630,No Strings Attached,Comedy|Romance
50348,"Lincoln Lawyer, The",Crime|Drama|Thriller
48138,Unknown,Drama|Mystery|Thriller
45772,Gnomeo & Juliet,Adventure|Animation|Children|Comedy|Fantasy|Romance
39513,Paul,Adventure|Comedy|Sci-Fi
47327,Drive Angry,Action|Fantasy|Thriller
44896,Rango,Action|Adventure|Animation|Children|Comedy|Western
38050,"Adjustment Bureau, The",Romance|Sci-Fi|Thriller
27582,"Mechanic, The",Action|Drama|Thriller
48988,Hall Pass,Comedy
46529,I Am Number Four,Action|Sci-Fi|Thriller|IMAX
44943,Battle: Los Angeles,Action|Sci-Fi|War
47931,Elite Squad: The Enemy Within (Tropa de Elite 2 - O Inimigo Agora É Outro),Action|Crime|Drama
50546,Just Go with It,Comedy|Romance
49730,Red Riding Hood,Fantasy|Horror|Mystery|Thriller
45132,Super,Action|Comedy|Drama
46146,"Troll Hunter, The (Trolljegeren)",Fantasy|Horror
45612,Source Code,Action|Drama|Mystery|Sci-Fi|Thriller
38684,Jane Eyre,Drama|Romance
23629,Sucker Punch,Action|Fantasy|Thriller|IMAX
49018,Insidious,Fantasy|Horror|Thriller
50456,Hanna,Action|Adventure|Mystery|Thriller
41446,Scream 4,Comedy|Horror|Mystery|Thriller
46195,Rio,Adventure|Animation|Children|Comedy
62215,Melancholia,Drama|Sci-Fi
10195,Thor,Action|Adventure|Drama|Fantasy|IMAX
55787,Water for Elephants,Drama|Romance
51497,"Fast Five (Fast and the Furious 5, The)",Action|Crime|Drama|Thriller|IMAX
46738,Incendies,Drama|Mystery|War
55721,Bridesmaids,Comedy
38321,Priest,Action|Horror|Sci-Fi|Thriller
1865,Pirates of the Caribbean: On Stranger Tides,Action|Adventure|Fantasy|IMAX
59436,Midnight in Paris,Comedy|Fantasy|Romance
8967,"Tree of Life, The",Drama
45243,"Hangover Part II, The",Comedy
59678,Attack the Block,Action|Comedy|Sci-Fi
49444,Kung Fu Panda 2,Action|Adventure|Animation|Children|Comedy|IMAX
49538,X-Men: First Class,Action|Adventure|Sci-Fi|Thriller|War
49020,Submarine,Comedy|Drama|Romance
37686,Super 8,Mystery|Sci-Fi|Thriller|IMAX
44912,Green Lantern,Action|Adventure|Sci-Fi
58224,Mr. Popper's Penguins,Comedy
52449,Bad Teacher,Comedy
38356,Transformers: Dark of the Moon,Action|Adventure|Sci-Fi|War|IMAX
38319,Your Highness,Action|Adventure|Comedy|Fantasy
38317,Zookeeper,Comedy
51540,Horrible Bosses,Comedy|Crime
49013,Cars 2,Adventure|Animation|Children|Comedy|IMAX
59860,Monte Carlo,Adventure|Comedy|Romance
12445,Harry Potter and the Deathly Hallows: Part 2,Action|Adventure|Drama|Fantasy|Mystery|IMAX
64690,Drive,Crime|Drama|Film-Noir|Thriller
1771,Captain America: The First Avenger,Action|Adventure|Sci-Fi|Thriller|War
50646,"Crazy, Stupid, Love.",Comedy|Drama|Romance
51828,One Day,Drama|Romance
41513,"Smurfs, The",Animation|Children|Comedy
50544,Friends with Benefits,Comedy|Romance
55846,Blitz,Action|Crime|Thriller
61791,Rise of the Planet of the Apes,Action|Drama|Sci-Fi|Thriller
49520,"Change-Up, The",Comedy
50014,"Help, The",Drama
62206,30 Minutes or Less,Action|Comedy|Crime
55779,Final Destination 5,Horror|Thriller|IMAX
58151,Fright Night,Comedy|Horror
55420,Another Earth,Drama|Romance|Sci-Fi
62835,Colombiana,Action|Adventure|Drama|Thriller
63311,"Skin I Live In, The (La piel que habito)",Drama
37430,Conan the Barbarian,Action|Adventure|Fantasy
39538,Contagion,Sci-Fi|Thriller|IMAX
60308,Moneyball,Drama
24428,"Avengers, The",Action|Adventure|Sci-Fi|IMAX
49517,Tinker Tailor Soldier Spy,Drama|Film-Noir|Thriller
60243,"Separation, A (Jodaeiye Nader az Simin)",Drama
48231,"Dangerous Method, A",Drama|Thriller
59440,Warrior,Drama
10316,"Ides of March, The",Drama
49021,Killer Elite,Action|Thriller
40807,50/50,Comedy|Drama
74643,The Artist,Comedy|Drama|Romance
64720,Take Shelter,Drama
39254,Real Steel,Action|Drama|Sci-Fi|IMAX
68817,Footloose,Comedy|Drama|Musical
60935,"Thing, The",Horror|Mystery|Sci-Fi|Thriller
71859,We Need to Talk About Kevin,Drama|Thriller
52451,"Three Musketeers, The",Action|Adventure
49530,In Time,Crime|Sci-Fi|Thriller
72113,Carnage,Comedy|Drama
50839,Margin Call,Drama|Thriller
72571,Paranormal Activity 3,Horror
58233,Johnny English Reborn,Adventure|Comedy|Thriller
59965,Abduction,Action|Drama|Mystery|Thriller
76025,Shame,Drama
63492,What's Your Number?,Comedy|Romance
59108,Tower Heist,Action|Comedy|Crime
88794,J. Edgar,Drama
17578,"Adventures of Tintin, The",Action|Animation|Mystery|IMAX
44826,Hugo,Children|Drama|Mystery
37958,Immortals,Action|Drama|Fantasy
71880,Jack and Jill,Comedy
65057,"Descendants, The",Comedy|Drama
64328,"Muppets, The",Children|Comedy|Musical
50619,"Twilight Saga: Breaking Dawn - Part 1, The",Adventure|Drama|Fantasy|Romance
57212,War Horse,Drama|War
64685,Extremely Loud and Incredibly Close,Drama
70074,Bullet to the Head,Action|Crime|Film-Noir
76163,"Expendables 2, The",Action|Adventure
70160,The Hunger Games,Action|Adventure|Drama|Sci-Fi|Thriller
49026,"Dark Knight Rises, The",Action|Adventure|Crime|IMAX
49040,"Bourne Legacy, The",Action|Adventure|Drama|Thriller|IMAX
58574,Sherlock Holmes: A Game of Shadows,Action|Adventure|Comedy|Crime|Mystery|Thriller
62838,New Year's Eve,Comedy|Romance
56292,Mission: Impossible - Ghost Protocol,Action|Adventure|Thriller|IMAX
74465,We Bought a Zoo,Comedy|Drama
65754,"Girl with the Dragon Tattoo, The",Drama|Thriller
71469,"Darkest Hour, The",Action|Horror|Sci-Fi|Thriller
55301,Alvin and the Chipmunks: Chipwrecked,Animation|Comedy
77866,Contraband,Action|Crime|Drama|Thriller
71688,"Iron Lady, The",Drama
52520,Underworld: Awakening,Action|Fantasy|Horror|IMAX
75174,"Grey, The",Action|Drama
49527,Man on a Ledge,Crime|Thriller
70435,Haywire,Action|Thriller
77338,Intouchables,Comedy|Drama
76726,Chronicle,Action|Sci-Fi|Thriller
65086,"Woman in Black, The",Drama|Horror|Thriller
59961,Safe House,Action|Crime|Mystery|Thriller
72570,"Vow, The",Drama|Romance
72545,Journey 2: The Mysterious Island,Action|Adventure|Comedy|Sci-Fi|IMAX
71676,Ghost Rider: Spirit of Vengeance,Action|Fantasy|Thriller
57214,Project X,Comedy
73723,Dr. Seuss' The Lorax,Animation|Fantasy|Musical|IMAX
59962,This Means War,Action|Comedy|Romance
49529,John Carter,Action|Adventure|Sci-Fi|IMAX
64688,21 Jump Street,Action|Comedy|Crime
81796,Lockout,Action|Sci-Fi|Thriller
57165,Wrath of the Titans,Action|Adventure|Fantasy|IMAX
10679,Iron Sky,Action|Comedy|Sci-Fi
71552,American Reunion (American Pie 4),Comedy
94329,The Raid: Redemption,Action|Crime
22970,"Cabin in the Woods, The",Comedy|Horror|Sci-Fi|Thriller
62764,Mirror Mirror,Adventure|Comedy|Fantasy
44833,Battleship,Action|Sci-Fi|Thriller|IMAX
74534,"Best Exotic Marigold Hotel, The",Comedy|Drama
72207,"Five-Year Engagement, The",Comedy|Romance
77877,"Lucky One, The",Drama
72387,Safe,Action|Crime|Thriller
62213,Dark Shadows,Comedy|Horror|IMAX
76493,"Dictator, The",Comedy
41154,Men in Black III (M.III.B.) (M.I.B.³),Action|Comedy|Sci-Fi|IMAX
58595,Snow White and the Huntsman,Action|Adventure|Drama
70981,Prometheus,Action|Horror|Sci-Fi|IMAX
83666,Moonrise Kingdom,Comedy|Drama|Romance
80389,Get the Gringo,Action|Crime|Drama|Thriller
84332,Safety Not Guaranteed,Comedy|Drama
80321,Madagascar 3: Europe's Most Wanted,Adventure|Animation|Children|Comedy|IMAX
62177,Brave,Action|Adventure|Animation|Children
76494,What to Expect When You're Expecting,Comedy|Drama|Romance
81836,To Rome with Love,Comedy
72331,Abraham Lincoln: Vampire Hunter,Action|Fantasy|Horror|Thriller
88005,Seeking a Friend for the End of the World,Comedy|Drama|Romance
72105,Ted,Comedy|Fantasy
77930,Magic Mike,Drama|Romance
1930,"Amazing Spider-Man, The",Action|Adventure|Sci-Fi|IMAX
57800,Ice Age 4: Continental Drift,Adventure|Animation|Comedy
82525,Savages,Crime|Drama|Thriller
80035,"Watch, The",Comedy|Sci-Fi
103332,Ruby Sparks,Comedy|Fantasy|Romance
64635,Total Recall,Action|Sci-Fi|Thriller
37724,Skyfall,Action|Adventure|Thriller|IMAX
77953,"Campaign, The",Comedy
77174,ParaNorman,Adventure|Animation|Comedy
49526,Premium Rush,Action|Thriller
82633,Lawless,Crime|Drama
114150,Pitch Perfect,Comedy|Musical
59967,Looper,Action|Crime|Sci-Fi
87428,That's My Boy,Comedy
84329,Robot & Frank,Comedy|Drama|Sci-Fi
71679,Resident Evil: Retribution,Action|Horror|Sci-Fi|IMAX
68722,"Master, The",Drama
49049,Dredd,Action|Sci-Fi
77016,End of Watch,Crime|Drama|Thriller
84892,"Perks of Being a Wallflower, The",Drama|Romance
103663,"Hunt, The (Jagten)",Drama
82675,Taken 2,Action|Crime|Drama|Thriller
82505,House at the End of the Street,Horror|Thriller
80271,LOL,Comedy|Drama|Romance
97365,Rust and Bone (De rouille et d'os),Drama|Romance
62214,Frankenweenie,Animation|Comedy|Horror|IMAX
82507,Sinister,Horror|Thriller
76492,Hotel Transylvania,Animation|Children|Comedy
68734,Argo,Drama|Thriller
86838,Seven Psychopaths,Comedy|Crime
82990,Paranormal Activity 4,Horror|IMAX
83542,Cloud Atlas,Drama|Sci-Fi|IMAX
87826,Here Comes the Boom,Action|Comedy
64689,Killing Them Softly,Crime|Drama|Thriller
82690,Wreck-It Ralph,Animation|Comedy
82693,Silver Linings Playbook,Comedy|Drama
87502,Flight,Drama
96724,Anna Karenina,Drama
87827,Life of Pi,Adventure|Drama|IMAX
72976,Lincoln,Drama|War
50620,"Twilight Saga: Breaking Dawn - Part 2, The",Adventure|Drama|Fantasy|Romance|IMAX
60747,Red Dawn,Action|War
81188,Rise of the Guardians,Adventure|Animation|Children|Fantasy|IMAX
140420,Paperman,Animation|Comedy|Romance
112336,Hitchcock,Drama
49051,"Hobbit: An Unexpected Journey, The",Adventure|Fantasy|IMAX
97630,Zero Dark Thirty,Action|Drama|Thriller
82654,Warm Bodies,Comedy|Horror|Romance
75780,Jack Reacher,Action|Crime|Thriller
68718,Django Unchained,Action|Drama|Western
89492,This Is 40,Drama
80278,"Impossible, The (Imposible, Lo)",Drama|Thriller
82695,"Misérables, Les",Drama|Musical|Romance|IMAX
76617,Texas Chainsaw 3D,Horror|Mystery|Thriller
82682,Gangster Squad,Action|Crime|Drama
76640,"Last Stand, The",Action|Crime|Thriller
87818,Movie 43,Comedy
60304,Hansel & Gretel: Witch Hunters,Action|Fantasy|Horror|IMAX
58244,Upside Down,Drama|Romance|Sci-Fi
109421,Side Effects,Crime|Drama|Mystery|Thriller
109431,Identity Thief,Comedy|Crime
109491,Beautiful Creatures,Drama|Fantasy|Romance
47964,"Good Day to Die Hard, A",Action|Crime|Thriller|IMAX
107811,21 and Over,Comedy
112949,Safe Haven,Drama|Mystery|Romance
132344,Before Midnight,Drama|Romance
134411,Snitch,Action|Drama|Thriller
145135,Dark Skies,Horror|Sci-Fi|Thriller
81005,Jack the Giant Slayer,Adventure|Fantasy|IMAX
72559,G.I. Joe: Retaliation,Action|Adventure|Sci-Fi|Thriller|IMAX
86825,Stoker,Drama|Mystery|Thriller
68728,Oz the Great and Powerful,Action|Adventure|Fantasy|IMAX
49519,"Croods, The",Adventure|Animation|Comedy
124459,"Incredible Burt Wonderstone, The",Comedy
158011,"Call, The",Drama|Thriller
117263,Olympus Has Fallen,Action|Thriller
84199,"First Time, The",Comedy|Drama|Romance
97367,"Place Beyond the Pines, The",Crime|Drama
72710,"Host, The",Action|Adventure|Romance
109428,Evil Dead,Horror
68727,Trance,Crime|Thriller
75612,Oblivion,Action|Adventure|Sci-Fi|IMAX
109410,42,Drama
110420,Wolf Children (Okami kodomo no ame to yuki),Animation|Fantasy
127517,Disconnect,Drama|Thriller
134374,Pain & Gain,Action|Comedy|Crime
109414,This Is the End,Action|Comedy
68721,Iron Man 3,Action|Sci-Fi|Thriller|IMAX
103731,Mud,Adventure|Crime|Drama
64682,"Great Gatsby, The",Drama
54138,Star Trek Into Darkness,Action|Adventure|Sci-Fi|IMAX
116741,"Internship, The",Comedy
77987,Only God Forgives,Drama|Thriller
109439,"Hangover Part III, The",Comedy
82992,"Fast & Furious 6 (Fast and the Furious 6, The)",Action|Crime|Thriller|IMAX
116711,Epic,Adventure|Animation|Fantasy
82700,After Earth,Action|Adventure|Sci-Fi|IMAX
75656,Now You See Me,Crime|Mystery|Thriller
147773,"Way, Way Back, The",Comedy|Drama
49521,Man of Steel,Action|Adventure|Fantasy|Sci-Fi|IMAX
158015,"Purge, The",Crime|Horror|Thriller
96936,"Bling Ring, The",Crime|Drama
62211,Monsters University,Adventure|Animation|Comedy
68726,Pacific Rim,Action|Adventure|Sci-Fi|IMAX
152742,"Best Offer, The (Migliore offerta, La)",Thriller
72190,World War Z,Action|Drama|Horror|IMAX
68724,Elysium,Action|Drama|Sci-Fi|IMAX
93456,Despicable Me 2,Animation|Children|Comedy|IMAX
117251,White House Down,Action|Drama|Thriller|IMAX
107985,"World's End, The",Action|Comedy|Sci-Fi
136418,Redemption (Hummingbird),Action|Crime|Thriller
136795,"Heat, The",Action|Comedy|Crime
57201,"Lone Ranger, The",Action|Adventure|Western|IMAX
157386,The Spectacular Now,Comedy|Drama|Romance
205321,Sharknado,Sci-Fi
111969,Stuck in Love,Comedy|Drama|Romance
49524,R.I.P.D.,Action|Comedy|Fantasy
138843,"Conjuring, The",Horror|Thriller
77950,Turbo,Adventure|Animation|Children|Comedy|Fantasy
76170,"Wolverine, The",Action|Adventure|Fantasy|Sci-Fi
146216,Red 2,Action|Comedy|Crime|Thriller
136400,2 Guns,Action|Comedy|Crime
160588,Blue Jasmine,Drama
179144,"Great Beauty, The (Grande Bellezza, La)",Comedy|Drama
76285,Percy Jackson: Sea of Monsters,Adventure|Children|Fantasy
77931,"Smurfs 2, The",Animation|Children|Comedy
138832,We're the Millers,Comedy|Crime
109418,Grown Ups 2,Comedy
59859,Kick-Ass 2,Action|Comedy|Crime
87421,Riddick,Action|Sci-Fi|Thriller|IMAX
151960,Planes,Adventure|Animation|Comedy
158999,Blackfish,Documentary
149870,"Wind Rises, The (Kaze tachinu)",Animation|Drama|Romance
115782,Jobs,Drama
132363,Lee Daniels' The Butler,Drama
122906,About Time,Drama|Fantasy|Romance
83899,You're Next,Horror|Thriller
49047,Gravity,Action|Sci-Fi|IMAX
212716,What If,Comedy|Drama|Romance
146233,Prisoners,Drama|Mystery|Thriller
91586,Insidious: Chapter 2,Horror|Thriller
96721,Rush,Action|Drama
112205,"Family, The",Action|Comedy|Crime
169813,Short Term 12,Drama
129670,Nebraska,Adventure|Drama
138697,Don Jon,Comedy|Drama|Romance
146238,Runner Runner,Crime|Drama|Thriller
152584,Blue Is the Warmest Color (La vie d'Adèle),Drama|Romance
109451,Cloudy with a Chance of Meatballs 2,Animation|Children|Comedy|Fantasy
109424,Captain Phillips,Adventure|Drama|Thriller|IMAX
106747,Machete Kills (Machete 2),Action|Crime|Thriller
85889,Filth,Comedy|Crime|Drama
107846,Escape Plan,Action|Mystery|Thriller
133805,Carrie,Drama|Horror
109091,"Counselor, The",Crime|Drama|Thriller
76203,12 Years a Slave,Drama
152747,All Is Lost,Action|Adventure|Drama
80274,Ender's Game,Action|Adventure|Sci-Fi|IMAX
208134,Jackass Presents: Bad Grandpa,Comedy
76338,Thor: The Dark World,Action|Adventure|Fantasy|IMAX
152532,Dallas Buyers Club,Drama
137093,Last Vegas,Comedy|Drama|Romance
205220,Philomena,Comedy|Drama
203833,"Book Thief, The",Children|Drama|War
101299,The Hunger Games: Catching Fire,Action|Adventure|Sci-Fi|IMAX
57158,"Hobbit: The Desolation of Smaug, The",Adventure|Fantasy|IMAX
64686,47 Ronin,Action|Adventure|Fantasy
146239,Delivery Man,Comedy
109445,Frozen,Adventure|Animation|Comedy|Fantasy|Musical|Romance
86829,Inside Llewyn Davis,Drama
106646,"Wolf of Wall Street, The",Comedy|Crime|Drama
204082,Homefront,Action|Crime|Thriller
168672,American Hustle,Crime|Drama
116745,"Secret Life of Walter Mitty, The",Adventure|Comedy|Drama
152601,Her,Drama|Romance|Sci-Fi
193756,Lone Survivor,Action|Drama|Thriller|War
140823,Saving Mr. Banks,Comedy|Drama
87516,Oldboy,Action|Drama|Mystery
109443,Anchorman 2: The Legend Continues,Comedy
110415,Snowpiercer,Action|Drama|Sci-Fi
233063,"Fuck You, Goethe (Fack Ju Göhte)",Comedy
152603,Only Lovers Left Alive,Drama|Horror|Romance
168530,Ride Along,Action|Comedy
137094,Jack Ryan: Shadow Recruit,Action|Drama|Thriller|IMAX
157350,Divergent,Adventure|Romance|Sci-Fi|IMAX
100241,"I, Frankenstein",Action|Fantasy|Sci-Fi|IMAX
181886,Enemy,Mystery|Thriller
152760,"Monuments Men, The",Action|Drama|War
137106,The Lego Movie,Action|Adventure|Animation|Children|Comedy|Fantasy
97020,RoboCop,Action|Crime|Sci-Fi|IMAX
249397,Nymphomaniac: Volume II,Drama|Mystery
137321,Winter's Tale,Drama|Fantasy|Mystery
120467,"Grand Budapest Hotel, The",Comedy|Drama
225565,That Awkward Moment,Comedy|Romance
157336,Interstellar,Sci-Fi|IMAX
192102,3 Days to Kill,Action|Crime|Drama
225574,Non-Stop,Action|Mystery|Thriller
53182,300: Rise of an Empire,Action|Drama|War|IMAX
82703,Mr. Peabody & Sherman,Adventure|Animation|Comedy
97370,Under the Skin,Horror|Sci-Fi|Thriller
136797,Need for Speed,Action|Crime|Drama|IMAX
177494,Veronica Mars,Comedy|Crime|Drama
100402,Captain America: The Winter Soldier,Action|Adventure|Sci-Fi|IMAX
86834,Noah,Adventure|Drama|IMAX
180299,The Raid 2: Berandal,Action|Crime|Thriller
102382,The Amazing Spider-Man 2,Action|Sci-Fi|IMAX
157547,Oculus,Horror
172385,Rio 2,Adventure|Animation|Children|Comedy
157353,Transcendence,Drama|Sci-Fi|IMAX
193610,"Other Woman, The",Comedy|Romance
12242,Mulan II,Action|Animation|Children|Comedy|Musical
254473,Brick Mansions,Action|Crime|Drama
210479,Locke,Drama
195589,Neighbors,Comedy
240832,Lucy,Action|Sci-Fi
127585,X-Men: Days of Future Past,Action|Adventure|Sci-Fi
124905,Godzilla,Action|Adventure|Sci-Fi|IMAX
187596,Walk of Shame,Comedy
188166,Blue Ruin,Thriller
212778,Chef,Comedy
232672,Blended,Comedy
198277,Begin Again,Comedy|Romance
102651,Maleficent,Action|Adventure|Children|IMAX
188161,A Million Ways to Die in the West,Comedy|Western
137113,Edge of Tomorrow,Action|Sci-Fi|IMAX
177677,Mission: Impossible - Rogue Nation,Action|Adventure|Thriller
222935,The Fault in Our Stars,Drama|Romance
187017,22 Jump Street,Action|Comedy|Crime
156022,"Equalizer, The",Action|Crime|Thriller
82702,How to Train Your Dragon 2,Action|Adventure|Animation
194662,Birdman: Or (The Unexpected Virtue of Ignorance),Comedy|Drama
85350,Boyhood,Drama
91314,Transformers: Age of Extinction,Action|Adventure|Sci-Fi
171372,Frank,Comedy|Drama|Mystery
226486,Tammy,Comedy
242224,"Babadook, The",Drama|Horror|Thriller
244786,Whiplash,Drama
210577,Gone Girl,Drama|Thriller
119450,Dawn of the Planet of the Apes,Sci-Fi
184346,Deliver Us from Evil,Crime|Horror|Thriller
225886,Sex Tape,Comedy
244267,I Origins,Drama|Sci-Fi
238636,"Purge: Anarchy, The",Action|Horror|Thriller
118340,Guardians of the Galaxy,Action|Adventure|Sci-Fi
242095,"Signal, The",Sci-Fi|Thriller
138103,The Expendables 3,Action|Adventure
184315,Hercules,Action|Adventure
157849,A Most Wanted Man,Thriller
229297,Magic in the Moonlight,Comedy|Drama|Romance
228194,The Hundred-Foot Journey,Comedy|Drama
76757,Jupiter Ascending,Action|Adventure|Sci-Fi
98566,Teenage Mutant Ninja Turtles,Action|Adventure|Comedy
227156,"Giver, The",Drama|Sci-Fi
193893,Let's Be Cops,Comedy|Crime
189,Sin City: A Dame to Kill For,Action|Crime|Thriller
249164,If I Stay,Drama
220289,Coherence,Drama|Mystery|Sci-Fi|Thriller
256274,"As Above, So Below",Horror|Thriller
241848,"Guest, The",Thriller
234200,Pride,Comedy|Drama
154400,The Drop,Crime|Drama|Thriller
198663,"Maze Runner, The",Action|Mystery|Sci-Fi
169917,"Walk Among the Tombstones, A",Action|Crime|Mystery|Thriller
239678,This Is Where I Leave You,Comedy|Drama
190859,American Sniper,Action|War
149509,Horns,Horror|Mystery
250546,Annabelle,Horror
286554,Two Night Stand,Comedy|Romance
49017,Dracula Untold,Action|Drama|Fantasy
262543,Autómata (Automata),Sci-Fi|Thriller
206487,Predestination,Action|Mystery|Sci-Fi|Thriller
246741,What We Do in the Shadows,Comedy|Horror
245891,John Wick,Action|Thriller
205587,"Judge, The",Drama
228150,Fury,Action|Drama|War
239563,St. Vincent,Comedy
242582,Nightcrawler,Crime|Drama|Thriller
177572,Big Hero 6,Action|Animation|Comedy
228326,The Book of Life,Adventure|Animation|Romance
200727,"Love, Rosie",Comedy|Romance
264660,Ex Machina,Drama|Sci-Fi|Thriller
205596,The Imitation Game,Drama|Thriller|War
171274,Inherent Vice,Comedy|Crime|Drama|Mystery|Romance
131631,The Hunger Games: Mockingjay - Part 1,Adventure|Sci-Fi|Thriller
147441,Exodus: Gods and Kings,Action|Adventure|Drama
265195,Wild Tales,Comedy|Drama|Thriller
100042,Dumb and Dumber To,Comedy
266856,The Theory of Everything,Drama|Romance
205775,In the Heart of the Sea,Action|Adventure|Drama
135397,Jurassic World,Action|Adventure|Drama|Sci-Fi|Thriller
293310,Citizenfour,Documentary
227159,Horrible Bosses 2,Comedy|Crime
270946,Penguins of Madagascar,Adventure|Animation|Children|Comedy
284293,Still Alice,Drama
116149,Paddington,Children|Comedy
294254,Maze Runner: Scorch Trials,Action|Thriller
244458,The Voices,Comedy|Crime|Thriller
122917,The Hobbit: The Battle of the Five Armies,Adventure|Fantasy
273895,Selma,Drama
227306,Unbroken,Drama|War
265177,Mommy,Drama
228970,Wild,Drama
87093,Big Eyes,Drama
224141,Into the Woods,Children|Comedy|Fantasy|Musical
228967,The Interview,Action|Comedy
207703,Kingsman: The Secret Service,Action|Adventure|Comedy|Crime
181533,Night at the Museum: Secret of the Tomb,Adventure|Children|Comedy|Fantasy
68737,Seventh Son,Adventure|Children|Fantasy
198184,Chappie,Action|Thriller
260346,Taken 3,Action|Crime|Thriller
201088,Blackhat,Action|Crime|Drama|Mystery|Thriller
87101,Terminator Genisys,Action|Adventure|Sci-Fi|Thriller
270303,It Follows,Horror
76341,Mad Max: Fury Road,Action|Adventure|Sci-Fi|Thriller
280092,Insidious: Chapter 3,Fantasy|Horror|Thriller
140607,Star Wars: Episode VII - The Force Awakens,Action|Adventure|Fantasy|Sci-Fi|IMAX
271969,Ben-hur,(no genres listed)
68735,Warcraft,Action|Adventure|Fantasy
99861,Avengers: Age of Ultron,Action|Adventure|Sci-Fi
166426,Pirates of the Caribbean: Dead Men Tell No Tales,(no genres listed)
102899,Ant-Man,Action|Adventure|Sci-Fi
166424,Fantastic Four,Action|Adventure|Fantasy|Sci-Fi
293660,Deadpool,Action|Adventure|Comedy|Sci-Fi
283995,Guardians of the Galaxy 2,Action|Adventure|Sci-Fi
271110,Captain America: Civil War,Action|Sci-Fi|Thriller
284052,Doctor Strange,Action|Adventure|Sci-Fi
246655,X-Men: Apocalypse,Action|Adventure|Fantasy|Sci-Fi
284536,The Gambler,Crime|Drama|Thriller
210860,Mortdecai,Adventure|Comedy|Mystery|Romance
216015,Fifty Shades of Grey,Drama|Romance
272693,The DUFF,Comedy
227719,Project Almanac,Sci-Fi|Thriller
167073,Brooklyn,Drama|Romance
245706,True Story,Drama|Mystery|Thriller
308639,Dope,Comedy|Drama
308369,Me and Earl and the Dying Girl,Drama
72784,The Loft,Thriller
273248,The Hateful Eight,Western
265208,Wild Card,Action|Crime|Drama|Thriller
286565,Paper Towns,Drama|Mystery|Romance
252838,The Wedding Ringer,Comedy
241251,The Boy Next Door,Mystery|Thriller
201085,Crimson Peak,Horror
256591,Focus,Comedy|Crime|Drama|Romance
241554,Run All Night,Action|Crime|Drama|Thriller
150689,Cinderella,Children|Drama|Fantasy|Romance
238215,The Cobbler,Comedy|Drama|Fantasy
266647,Pan,Adventure|Children|Fantasy
262500,Insurgent,Action|Sci-Fi|Thriller
228161,Home,Adventure|Animation|Children|Comedy|Fantasy|Sci-Fi
245703,Midnight Special,Drama|Sci-Fi
168259,Furious 7,Action|Crime|Thriller
257091,Get Hard,Comedy|Crime
263109,Shaun the Sheep Movie,Adventure|Animation|Children|Comedy
304357,Woman in Gold,Drama
158852,Tomorrowland,Action|Adventure|Children|Mystery|Sci-Fi
256961,Paul Blart: Mall Cop 2,Action|Comedy|Crime
228205,The Longest Ride,Drama|Romance
254128,San Andreas,Action|Drama|Thriller
249070,Hitman: Agent 47,Action|Crime|Thriller
254470,Pitch Perfect 2,Comedy
258480,Carol,Drama|Romance
254320,The Lobster,Comedy|Romance|Sci-Fi
287424,Maggie,Drama|Horror|Thriller
268920,Hot Pursuit,Action|Comedy
286217,The Martian,Adventure|Drama|Sci-Fi
251516,Kung Fury,Action|Comedy|Fantasy|Sci-Fi
310593,Youth,Drama
238713,Spy,Action|Comedy|Crime
271718,Trainwreck,Comedy|Romance
222936,Aloha,Comedy|Drama|Romance
188222,Entourage,Comedy
150540,Inside Out,Adventure|Animation|Children|Comedy|Drama|Fantasy
131634,The Hunger Games: Mockingjay - Part 2,Adventure|Sci-Fi
257344,Pixels,Action|Comedy|Sci-Fi
259316,Fantastic Beasts and Where to Find Them,Fantasy
280996,Mr. Holmes,Drama|Mystery
328111,The Secret Life of Pets,Animation|Comedy
238615,Self/less,Action|Mystery|Sci-Fi|Thriller
274854,The Last Witch Hunter,Action|Adventure|Fantasy
287903,Krampus,Comedy|Fantasy|Horror
297761,Suicide Squad,Action|Crime|Sci-Fi
47933,Independence Day: Resurgence,Action|Adventure|Sci-Fi
188927,Star Trek Beyond,Action|Adventure|Sci-Fi
214756,Ted 2,Comedy
211672,Minions,Adventure|Animation|Children|Comedy
105864,The Good Dinosaur,Adventure|Animation|Children|Comedy|Fantasy
261023,Black Mass,Crime|Drama
206647,Spectre,Action|Adventure|Crime
321697,Steve Jobs,Drama
225728,Macbeth,Drama
296099,Vacation,Adventure|Comedy
209112,Batman v Superman: Dawn of Justice,Action|Adventure|Fantasy|Sci-Fi
331781,Amy,Documentary
264999,Magic Mike XXL,Comedy|Drama
278927,The Jungle Book,Adventure|Drama|Fantasy
203801,The Man from U.N.C.L.E.,Action|Adventure|Comedy
285783,The Walk,Adventure|Drama|Thriller
300671,13 Hours,Drama
182560,Dark Places,Drama|Mystery|Thriller
281957,The Revenant,Adventure|Drama
282984,Irrational Man,Crime|Drama
307081,Southpaw,Action|Drama
273481,Sicario,Crime|Drama|Mystery
283350,Before We Go,Romance
291270,Anomalisa,Animation|Comedy|Fantasy
318781,Colonia,Thriller
257211,The Intern,Comedy
292431,Love,Drama|Romance
264644,Room,Drama
328425,The Gift,Drama|Horror
310131,The Witch,Horror
298312,"Visit, The",Comedy|Horror
261392,American Ultra,Action|Comedy|Sci-Fi|Thriller
277216,Straight Outta Compton,Drama
274479,Joy,Comedy|Drama
228066,Victor Frankenstein,Drama|Horror|Sci-Fi
273477,Scouts Guide to the Zombie Apocalypse,Action|Comedy|Horror
245168,Suffragette,Drama
276907,Legend,Crime|Thriller
306819,The Danish Girl,Drama
313922,Green Room,(no genres listed)
283587,Beasts of No Nation,Drama|War
263472,Knock Knock,Crime|Horror|Thriller
303991,Demolition,Drama
296100,The Night Before,Comedy
253412,Everest,Adventure|Drama|Thriller
314365,Spotlight,Thriller
325348,Hardcore Henry,Action|Adventure|Sci-Fi
295964,Burnt,Drama
159824,Hotel Transylvania 2,Animation|Comedy
309809,The Little Prince,Animation|Fantasy
297762,Wonder Woman,Action|Adventure|Fantasy
339988,The Circle,Drama|Sci-Fi|Thriller
68730,Silence,Drama|Thriller
296098,Bridge of Spies,Drama|Thriller
270487,"Hail, Caesar!",Comedy
318917,Er ist wieder da,Comedy
257445,Goosebumps,Adventure|Comedy|Horror
294963,Bone Tomahawk,Horror|Western
294016,Trumbo,Drama
321741,Concussion,Drama
227973,"Peanuts Movie, The",Adventure|Animation|Children|Comedy
312221,Creed,Drama
339527,Solace,Fantasy|Mystery|Thriller
299687,The 5th Wave,Adventure|Sci-Fi|Thriller
318846,"Big Short, The",Drama
329833,Zoolander 2,Comedy
259694,How to Be Single,Comedy|Romance
340666,Nocturnal Animals,Drama|Thriller
274167,Daddy's Home,Comedy
266294,Sisters,Children|Comedy
140300,Kung Fu Panda 3,Action|Adventure|Animation
58431,Pride and Prejudice and Zombies,Comedy|Horror|Romance|Thriller
323675,Ride Along 2,Action|Comedy
319888,Eddie the Eagle,Comedy
291870,Dirty Grandpa,Comedy
300673,The Finest Hours,Drama|Thriller
205584,Gods of Egypt,Adventure|Fantasy
323677,Race,Drama
333371,10 Cloverfield Lane,Thriller
267860,London Has Fallen,Action|Crime|Thriller
269149,Zootopia,Action|Adventure|Animation|Children|Comedy
267193,The Brothers Grimsby,Comedy
371645,Hunt for the Wilderpeople,Adventure|Comedy
301365,The Neon Demon,Drama|Horror|Mystery
333352,Eye in the Sky,Drama|Thriller|War
369557,Sing Street,Drama
290595,The Huntsman Winter's War,Action|Adventure|Drama|Fantasy
325133,Neighbors 2: Sorority Rising,Comedy
376570,Hush,Thriller
303858,Money Monster,Drama|Thriller
127380,Finding Dory,Adventure|Animation|Comedy
323676,The Boss,Comedy
153518,The Angry Birds Movie,Animation|Comedy
302401,Snowden,Drama|Thriller
290250,The Nice Guys,Crime|Mystery|Thriller
332567,The Shallows,Drama|Thriller
290098,The Handmaiden,Drama|Romance|Thriller
241259,Alice Through the Looking Glass,Adventure|Children|Fantasy
267935,The BFG,Children|Fantasy
223702,Sausage Party,Animation|Comedy
334533,Captain Fantastic,Drama
291805,Now You See Me 2,Action|Comedy|Thriller
339397,Café Society,Comedy|Drama|Romance
347031,Swiss Army Man,Comedy|Drama|Romance
389053,The Do-Over,Comedy
308531,Teenage Mutant Ninja Turtles: Out of the Shadows,Action|Adventure|Comedy
318121,The Fundamentals of Caring,Drama
259693,The Conjuring 2,Horror
43074,Ghostbusters,Action|Comedy|Horror|Sci-Fi
302699,Central Intelligence,Action|Comedy
324668,Jason Bourne,Action
258489,The Legend of Tarzan,Action|Adventure
316727,The Purge: Election Year,Action|Horror|Sci-Fi
316023,Mike & Dave Need Wedding Dates,Comedy
278154,Ice Age: Collision Course,Adventure|Animation|Children|Comedy
345911,Lights Out,Horror
294272,Pete's Dragon,Adventure|Children|Fantasy
399106,Piper,Animation
328387,Nerve,Drama|Thriller
363676,Sully,Drama
325789,The Infiltrator,Crime|Drama
308266,War Dogs,Comedy
382322,Batman: The Killing Joke,Action|Animation|Crime|Drama
376659,Bad Moms,Comedy
338766,Hell or High Water,Crime|Drama
300669,Don't Breathe,Thriller
376660,The Edge of Seventeen,Comedy
337674,Elle,Thriller
396535,Train to Busan,Action|Thriller
333484,The Magnificent Seven,Action|Western
376867,Moonlight,Drama
213681,Masterminds,Action|Comedy|Crime
313297,Kubo and the Two Strings,Adventure|Animation|Children|Fantasy
95610,Bridget Jones's Baby,Comedy|Romance
296524,Deepwater Horizon,Drama
283366,Miss Peregrine's Home for Peculiar Children,Fantasy
346685,The Girl on the Train,Thriller
302946,The Accountant,Crime|Drama|Thriller
372058,Your Name.,Animation|Drama|Fantasy|Romance
324786,Hacksaw Ridge,Drama|War
351211,Blair Witch,Horror|Thriller
329865,Arrival,Sci-Fi
332210,Storks,Animation|Children|Comedy
375366,The Girl with All the Gifts,Drama|Horror|Sci-Fi|Thriller
313369,La La Land,Comedy|Drama|Romance
207932,Inferno,Mystery|Thriller
331313,Keeping Up with the Joneses,Comedy
343611,Jack Reacher: Never Go Back,Action|Crime|Drama|Mystery|Thriller
334541,Manchester by the Sea,Drama
334543,Lion,Drama
277834,Moana,Adventure|Animation|Children|Comedy|Fantasy
384682,Office Christmas Party,Comedy
365942,The Space Between Us,Adventure|Sci-Fi
330459,Rogue One: A Star Wars Story,Action|Adventure|Fantasy|Sci-Fi
381288,Split,Drama|Horror|Thriller
346672,Underworld: Blood Wars,Action|Horror
274870,Passengers,Adventure|Drama|Romance|Sci-Fi
381284,Hidden Figures,Drama
393457,Fences,Drama
310307,The Founder,Drama
356305,Why Him?,Comedy
335797,Sing,Animation|Children|Comedy
121856,Assassin's Creed,Action|Adventure|Sci-Fi
381289,A Dog's Purpose,Comedy|Drama
324849,The Lego Batman Movie,Action|Animation|Comedy
324552,John Wick: Chapter Two,Action|Crime|Thriller
419430,Get Out,Horror
263115,Logan,Action|Sci-Fi
293167,Kong: Skull Island,Action|Adventure|Fantasy
180863,T2: Trainspotting,Crime|Drama
321612,Beauty and the Beast,Fantasy|Romance
295693,The Boss Baby,Animation|Children|Comedy
315837,Ghost in the Shell,Action|Drama|Sci-Fi
341174,Fifty Shades Darker,Drama|Romance
305470,Power Rangers,Action|Adventure|Sci-Fi
126889,Alien: Covenant,Action|Horror|Sci-Fi|Thriller
400928,Gifted,Drama
331214,Band of Brothers,Action|Drama|War
339846,Baywatch,Action|Comedy
282035,The Mummy,Action|Adventure|Fantasy|Horror|Thriller
337339,The Fate of the Furious,Action|Crime|Drama|Thriller
260514,Cars 3,Adventure|Animation|Comedy
339403,Baby Driver,Action|Crime|Thriller
387426,Okja,Action|Adventure|Drama|Sci-Fi
324852,Despicable Me 3,Adventure|Animation|Children|Comedy
281338,War for the Planet of the Apes,Action|Adventure|Drama|Sci-Fi
339964,Valerian and the City of a Thousand Planets,Action|Adventure|Sci-Fi
406990,Seven Sisters,Sci-Fi|Thriller
341013,Atomic Blonde,Thriller
374720,Dunkirk,Action|Drama|Thriller|War
353491,The Dark Tower,Fantasy|Horror|Sci-Fi|Western
